Id,Code,Name,Class,Standard Concept Caption,Valid Start Date,Valid End Date,RC,DRC,PC,DPC,Domain,Vocabulary,Ancestors
36790488,OMOP4778900,{11 (varenicline 0.5 MG Delayed Release Oral Tablet) / 14 (varenicline 1 MG Delayed Release Oral Tablet) } Pack,Clinical Pack,Standard,8/31/2018,12/30/2099,0,0,0,0,Drug,RxNorm Extension,"$parents[1].showAncestorsModal(d.CONCEPT_ID), tooltip: 'varenicline'"">1"
36777125,OMOP4778899,{11 (varenicline 0.5 MG Delayed Release Oral Tablet) / 14 (varenicline 1 MG Delayed Release Oral Tablet) } Pack box of 1,Clinical Pack Box,Standard,8/31/2018,12/30/2099,0,0,0,0,Drug,RxNorm Extension,"$parents[1].showAncestorsModal(d.CONCEPT_ID), tooltip: 'varenicline'"">1"
36790487,OMOP4778898,{11 (varenicline 0.5 MG Delayed Release Oral Tablet) / 14 (varenicline 1 MG Delayed Release Oral Tablet) } Pack [Champix],Branded Pack,Standard,8/31/2018,12/30/2099,0,0,0,0,Drug,RxNorm Extension,"$parents[1].showAncestorsModal(d.CONCEPT_ID), tooltip: 'varenicline'"">1"
36777124,OMOP4778897,{11 (varenicline 0.5 MG Delayed Release Oral Tablet) / 14 (varenicline 1 MG Delayed Release Oral Tablet) } Pack [Champix] box of 1,Branded Pack Box,Standard,8/31/2018,12/30/2099,0,0,0,0,Drug,RxNorm Extension,"$parents[1].showAncestorsModal(d.CONCEPT_ID), tooltip: 'varenicline'"">1"
36777015,OMOP4778896,{11 (varenicline 0.5 MG Delayed Release Oral Tablet) / 14 (varenicline 1 MG Delayed Release Oral Tablet) } Pack [Champix] box of 1 by Pfizer,Marketed Product,Standard,8/31/2018,12/30/2099,0,0,0,0,Drug,RxNorm Extension,"$parents[1].showAncestorsModal(d.CONCEPT_ID), tooltip: 'varenicline'"">1"
42731747,OMOP2721908,{11 (varenicline 0.5 MG Oral Tablet) / 11 (varenicline 1 MG Oral Tablet) } Pack,Clinical Pack,Standard,8/23/2017,12/30/2099,0,0,0,0,Drug,RxNorm Extension,"$parents[1].showAncestorsModal(d.CONCEPT_ID), tooltip: 'varenicline'"">1"
44136654,OMOP1131285,{11 (varenicline 0.5 MG Oral Tablet) / 11 (varenicline 1 MG Oral Tablet) } Pack [Gd-Varenicline],Branded Pack,Standard,8/23/2017,12/30/2099,0,0,0,0,Drug,RxNorm Extension,"$parents[1].showAncestorsModal(d.CONCEPT_ID), tooltip: 'varenicline'"">1"
44136741,OMOP1131372,{11 (varenicline 0.5 MG Oral Tablet) / 11 (varenicline 1 MG Oral Tablet) } Pack [Gd-Varenicline] by Pfizer,Marketed Product,Standard,8/23/2017,12/30/2099,0,0,0,0,Drug,RxNorm Extension,"$parents[1].showAncestorsModal(d.CONCEPT_ID), tooltip: 'varenicline'"">1"
40702803,OMOP4754419,{11 (varenicline 0.5 MG Oral Tablet) / 14 (varenicline 1 MG Oral Tablet) / 28 (varenicline 1 MG Oral Tablet) } Pack,Clinical Pack,Standard,6/3/2018,12/30/2099,0,0,0,0,Drug,RxNorm Extension,"$parents[1].showAncestorsModal(d.CONCEPT_ID), tooltip: 'varenicline'"">1"
36070575,OMOP4997373,{11 (varenicline 0.5 MG Oral Tablet) / 14 (varenicline 1 MG Oral Tablet) / 28 (varenicline 1 MG Oral Tablet) } Pack,Clinical Pack,Standard,8/16/2020,12/30/2099,0,0,0,0,Drug,RxNorm Extension,"$parents[1].showAncestorsModal(d.CONCEPT_ID), tooltip: 'varenicline'"">1"
36814866,OMOP4828946,{11 (varenicline 0.5 MG Oral Tablet) / 14 (varenicline 1 MG Oral Tablet) / 28 (varenicline 1 MG Oral Tablet) } Pack [Champix],Branded Pack,Standard,1/27/2019,12/30/2099,0,0,0,0,Drug,RxNorm Extension,"$parents[1].showAncestorsModal(d.CONCEPT_ID), tooltip: 'varenicline'"">1"
36953736,OMOP5214616,{11 (varenicline 0.5 MG Oral Tablet) / 14 (varenicline 1 MG Oral Tablet) / 28 (varenicline 1 MG Oral Tablet) } Pack [Champix],Branded Pack,Standard,5/21/2023,12/30/2099,0,0,0,0,Drug,RxNorm Extension,"$parents[1].showAncestorsModal(d.CONCEPT_ID), tooltip: 'varenicline'"">1"
36931568,OMOP5214615,{11 (varenicline 0.5 MG Oral Tablet) / 14 (varenicline 1 MG Oral Tablet) / 28 (varenicline 1 MG Oral Tablet) } Pack [Champix] by Pfizer,Marketed Product,Standard,5/21/2023,12/30/2099,0,0,0,0,Drug,RxNorm Extension,"$parents[1].showAncestorsModal(d.CONCEPT_ID), tooltip: 'varenicline'"">1"
21177907,OMOP340045,{11 (varenicline 0.5 MG Oral Tablet) / 14 (varenicline 1 MG Oral Tablet) } Pack,Clinical Pack,Standard,8/23/2017,12/30/2099,0,"10,000",0,"8,380",Drug,RxNorm Extension,"$parents[1].showAncestorsModal(d.CONCEPT_ID), tooltip: 'varenicline'"">1"
36284020,OMOP3134895,{11 (varenicline 0.5 MG Oral Tablet) / 14 (varenicline 1 MG Oral Tablet) } Pack box of 1,Clinical Pack Box,Standard,9/30/2017,12/30/2099,0,0,0,0,Drug,RxNorm Extension,"$parents[1].showAncestorsModal(d.CONCEPT_ID), tooltip: 'varenicline'"">1"
36897812,OMOP1004049,{11 (varenicline 0.5 MG Oral Tablet) / 14 (varenicline 1 MG Oral Tablet) } Pack [Champix],Branded Pack,Standard,8/23/2017,12/30/2099,0,"10,000",0,"8,380",Drug,RxNorm Extension,"$parents[1].showAncestorsModal(d.CONCEPT_ID), tooltip: 'varenicline'"">1"
782296,OMOP4832923,{11 (varenicline 0.5 MG Oral Tablet) / 14 (varenicline 1 MG Oral Tablet) } Pack [Champix] box of 1,Branded Pack Box,Standard,3/31/2019,12/30/2099,0,0,0,0,Drug,RxNorm Extension,"$parents[1].showAncestorsModal(d.CONCEPT_ID), tooltip: 'varenicline'"">1"
782242,OMOP4832924,{11 (varenicline 0.5 MG Oral Tablet) / 14 (varenicline 1 MG Oral Tablet) } Pack [Champix] box of 1 by Pfizer,Marketed Product,Standard,3/31/2019,12/30/2099,0,0,0,0,Drug,RxNorm Extension,"$parents[1].showAncestorsModal(d.CONCEPT_ID), tooltip: 'varenicline'"">1"
21177892,OMOP339924,{11 (varenicline 0.5 MG Oral Tablet) / 14 (varenicline 1 MG Oral Tablet) } Pack [Champix] by Mawdsley-Brooks,Marketed Product,Standard,8/23/2017,12/30/2099,0,0,0,0,Drug,RxNorm Extension,"$parents[1].showAncestorsModal(d.CONCEPT_ID), tooltip: 'varenicline'"">1"
21178002,OMOP339588,{11 (varenicline 0.5 MG Oral Tablet) / 14 (varenicline 1 MG Oral Tablet) } Pack [Champix] by Pfizer,Marketed Product,Standard,8/23/2017,12/30/2099,"10,000","10,000","8,380","8,380",Drug,RxNorm Extension,"$parents[1].showAncestorsModal(d.CONCEPT_ID), tooltip: 'varenicline'"">1"
40702799,OMOP4754423,{11 (varenicline 0.5 MG Oral Tablet) / 14 (varenicline 1 MG Oral Tablet) } Pack [Champix] by Sigma Pharmaceuticals Plc,Marketed Product,Standard,6/3/2018,12/30/2099,0,0,0,0,Drug,RxNorm Extension,"$parents[1].showAncestorsModal(d.CONCEPT_ID), tooltip: 'varenicline'"">1"
21177951,OMOP339806,{11 (varenicline 0.5 MG Oral Tablet) / 14 (varenicline 1 MG Oral Tablet) } Pack [Champix] by Sigma-Tau,Marketed Product,Standard,8/23/2017,12/30/2099,0,0,0,0,Drug,RxNorm Extension,"$parents[1].showAncestorsModal(d.CONCEPT_ID), tooltip: 'varenicline'"">1"
21177736,OMOP339735,{11 (varenicline 0.5 MG Oral Tablet) / 14 (varenicline 1 MG Oral Tablet) } Pack [Champix] by Waymade,Marketed Product,Standard,8/23/2017,12/30/2099,0,0,0,0,Drug,RxNorm Extension,"$parents[1].showAncestorsModal(d.CONCEPT_ID), tooltip: 'varenicline'"">1"
40702800,OMOP4754422,{11 (varenicline 0.5 MG Oral Tablet) / 28 (varenicline 1 MG Oral Tablet) / 14 (varenicline 1 MG Oral Tablet) } Pack,Clinical Pack,Standard,6/3/2018,12/30/2099,0,0,0,0,Drug,RxNorm Extension,"$parents[1].showAncestorsModal(d.CONCEPT_ID), tooltip: 'varenicline'"">1"
36924825,OMOP5214617,{11 (varenicline 0.5 MG Oral Tablet) / 28 (varenicline 1 MG Oral Tablet) / 14 (varenicline 1 MG Oral Tablet) } Pack,Clinical Pack,Standard,5/21/2023,12/30/2099,0,0,0,0,Drug,RxNorm Extension,"$parents[1].showAncestorsModal(d.CONCEPT_ID), tooltip: 'varenicline'"">1"
35898675,OMOP5042915,{11 (varenicline 0.5 MG Oral Tablet) / 28 (varenicline 1 MG Oral Tablet) / 14 (varenicline 1 MG Oral Tablet) } Pack [Champix],Branded Pack,Standard,1/31/2021,12/30/2099,0,0,0,0,Drug,RxNorm Extension,"$parents[1].showAncestorsModal(d.CONCEPT_ID), tooltip: 'varenicline'"">1"
40702801,OMOP4754421,{11 (varenicline 0.5 MG Oral Tablet) / 28 (varenicline 1 MG Oral Tablet) / 14 (varenicline 1 MG Oral Tablet) } Pack [Champix],Branded Pack,Standard,6/3/2018,12/30/2099,0,0,0,0,Drug,RxNorm Extension,"$parents[1].showAncestorsModal(d.CONCEPT_ID), tooltip: 'varenicline'"">1"
36814865,OMOP4828945,{11 (varenicline 0.5 MG Oral Tablet) / 28 (varenicline 1 MG Oral Tablet) / 14 (varenicline 1 MG Oral Tablet) } Pack [Champix] by Pfizer,Marketed Product,Standard,1/27/2019,12/30/2099,0,0,0,0,Drug,RxNorm Extension,"$parents[1].showAncestorsModal(d.CONCEPT_ID), tooltip: 'varenicline'"">1"
35898674,OMOP5042914,{11 (varenicline 0.5 MG Oral Tablet) / 28 (varenicline 1 MG Oral Tablet) / 14 (varenicline 1 MG Oral Tablet) } Pack [Champix] by Pfizer,Marketed Product,Standard,1/31/2021,12/30/2099,0,0,0,0,Drug,RxNorm Extension,"$parents[1].showAncestorsModal(d.CONCEPT_ID), tooltip: 'varenicline'"">1"
40702829,OMOP4754420,{11 (varenicline 0.5 MG Oral Tablet) / 28 (varenicline 1 MG Oral Tablet) / 14 (varenicline 1 MG Oral Tablet) } Pack [Champix] by Pfizer,Marketed Product,Standard,6/3/2018,12/30/2099,0,0,0,0,Drug,RxNorm Extension,"$parents[1].showAncestorsModal(d.CONCEPT_ID), tooltip: 'varenicline'"">1"
19127968,749289,{11 (varenicline 0.5 MG Oral Tablet) / 42 (varenicline 1 MG Oral Tablet) } Pack,Clinical Pack,Standard,12/29/2007,12/30/2099,"295,100","8,331,130","235,260","5,507,510",Drug,RxNorm,"$parents[1].showAncestorsModal(d.CONCEPT_ID), tooltip: 'varenicline'"">1"
36897550,OMOP988072,{11 (varenicline 0.5 MG Oral Tablet) / 42 (varenicline 1 MG Oral Tablet) } Pack box of 1,Clinical Pack Box,Standard,8/23/2017,12/30/2099,0,0,0,0,Drug,RxNorm Extension,"$parents[1].showAncestorsModal(d.CONCEPT_ID), tooltip: 'varenicline'"">1"
36897811,OMOP1004213,{11 (varenicline 0.5 MG Oral Tablet) / 42 (varenicline 1 MG Oral Tablet) } Pack [Champix],Branded Pack,Standard,8/23/2017,12/30/2099,0,0,0,0,Drug,RxNorm Extension,"$parents[1].showAncestorsModal(d.CONCEPT_ID), tooltip: 'varenicline'"">1"
43298440,OMOP573018,{11 (varenicline 0.5 MG Oral Tablet) / 42 (varenicline 1 MG Oral Tablet) } Pack [Champix] box of 1,Branded Pack Box,Standard,8/23/2017,12/30/2099,0,0,0,0,Drug,RxNorm Extension,"$parents[1].showAncestorsModal(d.CONCEPT_ID), tooltip: 'varenicline'"">1"
19130125,795737,{11 (varenicline 0.5 MG Oral Tablet [Chantix]) / 42 (varenicline 1 MG Oral Tablet [Chantix]) } Pack [Chantix First Month of Therapy],Branded Pack,Standard,5/31/2008,12/30/2099,"8,036,030","8,036,030","5,272,250","5,272,250",Drug,RxNorm,"$parents[1].showAncestorsModal(d.CONCEPT_ID), tooltip: 'varenicline'"">1"
40221856,993503,12 HR bupropion hydrochloride 100 MG Extended Release Oral Tablet,Quant Clinical Drug,Standard,7/3/2010,12/30/2099,"17,221,750","17,670,280","3,247,490","3,354,060",Drug,RxNorm,"$parents[1].showAncestorsModal(d.CONCEPT_ID), tooltip: ''"">0"
45774486,1551468,12 HR bupropion hydrochloride 90 MG / naltrexone hydrochloride 8 MG Extended Release Oral Tablet,Quant Clinical Drug,Standard,11/30/2014,12/30/2099,"31,950","4,259,980","7,160","1,198,940",Drug,RxNorm,"$parents[1].showAncestorsModal(d.CONCEPT_ID), tooltip: ''"">0"
40221877,993550,24 HR bupropion hydrobromide 174 MG Extended Release Oral Tablet,Quant Clinical Drug,Standard,7/3/2010,12/30/2099,180,"54,660",60,"10,900",Drug,RxNorm,"$parents[1].showAncestorsModal(d.CONCEPT_ID), tooltip: ''"">0"
40221879,993567,24 HR bupropion hydrobromide 348 MG Extended Release Oral Tablet,Quant Clinical Drug,Standard,7/3/2010,12/30/2099,150,"109,040",50,"14,420",Drug,RxNorm,"$parents[1].showAncestorsModal(d.CONCEPT_ID), tooltip: ''"">0"
40221881,993681,24 HR bupropion hydrobromide 522 MG Extended Release Oral Tablet,Quant Clinical Drug,Standard,7/3/2010,12/30/2099,110,"143,750",40,"13,570",Drug,RxNorm,"$parents[1].showAncestorsModal(d.CONCEPT_ID), tooltip: ''"">0"
40221871,993541,24 HR bupropion hydrochloride 150 MG Extended Release Oral Tablet,Quant Clinical Drug,Standard,7/3/2010,12/30/2099,"114,537,720","117,310,630","16,671,460","17,349,060",Drug,RxNorm,"$parents[1].showAncestorsModal(d.CONCEPT_ID), tooltip: ''"">0"
40221874,993557,24 HR bupropion hydrochloride 300 MG Extended Release Oral Tablet,Quant Clinical Drug,Standard,7/3/2010,12/30/2099,"103,457,820","105,736,780","8,744,120","9,147,390",Drug,RxNorm,"$parents[1].showAncestorsModal(d.CONCEPT_ID), tooltip: ''"">0"
42707259,1232585,24 HR bupropion hydrochloride 450 MG Extended Release Oral Tablet,Quant Clinical Drug,Standard,5/6/2012,12/30/2099,"385,690","660,390","78,230","123,150",Drug,RxNorm,"$parents[1].showAncestorsModal(d.CONCEPT_ID), tooltip: ''"">0"
19130124,795735,{56 (varenicline 1 MG Oral Tablet [Chantix]) } Pack [Chantix Continuing Months Of Therapy],Branded Pack,Standard,5/31/2008,12/30/2099,"6,436,330","6,436,330","2,308,560","2,308,560",Drug,RxNorm,"$parents[1].showAncestorsModal(d.CONCEPT_ID), tooltip: 'varenicline'"">1"
19128025,749788,{56 (varenicline 1 MG Oral Tablet) } Pack,Clinical Pack,Standard,12/29/2007,12/30/2099,"102,260","6,538,590","33,350","2,341,910",Drug,RxNorm,"$parents[1].showAncestorsModal(d.CONCEPT_ID), tooltip: 'varenicline'"">1"
44035184,OMOP1029815,Bupropion 150 MG Extended Release Oral Tablet [Act Bupropion],Branded Drug,Standard,8/23/2017,12/30/2099,0,0,0,0,Drug,RxNorm Extension,"$parents[1].showAncestorsModal(d.CONCEPT_ID), tooltip: 'Smoking Cessation 12 HR bupropion hydrochloride 150 MG Extended Release Oral Tablet'"">1"
44115973,OMOP1110604,Bupropion 150 MG Extended Release Oral Tablet [Act Bupropion] by Actavis,Marketed Product,Standard,8/23/2017,12/30/2099,0,0,0,0,Drug,RxNorm Extension,"$parents[1].showAncestorsModal(d.CONCEPT_ID), tooltip: 'Smoking Cessation 12 HR bupropion hydrochloride 150 MG Extended Release Oral Tablet'"">1"
42966741,OMOP4693197,Bupropion 150 MG Extended Release Oral Tablet [ADDPION],Branded Drug,Standard,8/20/2018,12/30/2099,0,0,0,0,Drug,RxNorm Extension,"$parents[1].showAncestorsModal(d.CONCEPT_ID), tooltip: 'Smoking Cessation 12 HR bupropion hydrochloride 150 MG Extended Release Oral Tablet'"">1"
42966742,OMOP4693198,Bupropion 150 MG Extended Release Oral Tablet [ANPRESS],Branded Drug,Standard,8/20/2018,12/30/2099,0,0,0,0,Drug,RxNorm Extension,"$parents[1].showAncestorsModal(d.CONCEPT_ID), tooltip: 'Smoking Cessation 12 HR bupropion hydrochloride 150 MG Extended Release Oral Tablet'"">1"
44048318,OMOP1042949,Bupropion 150 MG Extended Release Oral Tablet [Ava-Bupropion],Branded Drug,Standard,8/23/2017,12/30/2099,0,0,0,0,Drug,RxNorm Extension,"$parents[1].showAncestorsModal(d.CONCEPT_ID), tooltip: 'Smoking Cessation 12 HR bupropion hydrochloride 150 MG Extended Release Oral Tablet'"">1"
44077256,OMOP1071887,Bupropion 150 MG Extended Release Oral Tablet [Ava-Bupropion] by Avanstra,Marketed Product,Standard,8/23/2017,12/30/2099,0,0,0,0,Drug,RxNorm Extension,
42966746,OMOP4693202,Bupropion 150 MG Extended Release Oral Tablet [BINEX BUPROPION HCL],Branded Drug,Standard,8/20/2018,12/30/2099,0,0,0,0,Drug,RxNorm Extension,
21084548,OMOP409907,Bupropion 150 MG Extended Release Oral Tablet Box of 100,Clinical Drug Box,Standard,8/23/2017,12/30/2099,0,820,0,650,Drug,RxNorm Extension,
43293066,OMOP565683,Bupropion 150 MG Extended Release Oral Tablet Box of 30,Clinical Drug Box,Standard,8/23/2017,12/30/2099,"7,650","29,870","1,030","16,140",Drug,RxNorm Extension,
21104250,OMOP409906,Bupropion 150 MG Extended Release Oral Tablet Box of 60,Clinical Drug Box,Standard,8/23/2017,12/30/2099,700,"1,420",500,"1,040",Drug,RxNorm Extension,
36036362,OMOP5046363,bupropion 150 MG Extended Release Oral Tablet Box of 60 by biomo,Marketed Product,Standard,6/16/2021,12/30/2099,160,160,100,100,Drug,RxNorm Extension,
43287638,OMOP565692,Bupropion 150 MG Extended Release Oral Tablet Box of 90,Clinical Drug Box,Standard,8/23/2017,12/30/2099,0,"72,130",0,"18,920",Drug,RxNorm Extension,
42966743,OMOP4693199,Bupropion 150 MG Extended Release Oral Tablet [BUPRON],Branded Drug,Standard,8/20/2018,12/30/2099,0,0,0,0,Drug,RxNorm Extension,
43820782,OMOP669304,Bupropion 150 MG Extended Release Oral Tablet [Bupropion 1A Pharma],Branded Drug,Standard,8/23/2017,12/30/2099,0,0,0,0,Drug,RxNorm Extension,
43694855,OMOP669305,Bupropion 150 MG Extended Release Oral Tablet [Bupropion 1A Pharma] by 1 A,Marketed Product,Standard,8/23/2017,12/30/2099,0,0,0,0,Drug,RxNorm Extension,
43604823,OMOP669312,Bupropion 150 MG Extended Release Oral Tablet [Bupropionhydrochlorid Hexal],Branded Drug,Standard,8/23/2017,12/30/2099,0,"15,620",0,"5,510",Drug,RxNorm Extension,
41285790,OMOP2483752,Bupropion 150 MG Extended Release Oral Tablet [Bupropionhydrochlorid Hexal] Box of 30,Branded Drug Box,Standard,8/23/2017,12/30/2099,0,"3,110",0,"2,240",Drug,RxNorm Extension,
41074867,OMOP2272829,Bupropion 150 MG Extended Release Oral Tablet [Bupropionhydrochlorid Hexal] Box of 30 by Novartis,Marketed Product,Standard,8/23/2017,12/30/2099,"3,110","3,110","2,240","2,240",Drug,RxNorm Extension,
41005057,OMOP2203019,Bupropion 150 MG Extended Release Oral Tablet [Bupropionhydrochlorid Hexal] Box of 90,Branded Drug Box,Standard,8/23/2017,12/30/2099,0,"12,510",0,"3,270",Drug,RxNorm Extension,
41043503,OMOP2241465,Bupropion 150 MG Extended Release Oral Tablet [Bupropionhydrochlorid Hexal] Box of 90 by Novartis,Marketed Product,Standard,8/23/2017,12/30/2099,"12,510","12,510","3,270","3,270",Drug,RxNorm Extension,
43640912,OMOP669313,Bupropion 150 MG Extended Release Oral Tablet [Bupropionhydrochlorid Hexal] by Hexal,Marketed Product,Standard,8/23/2017,12/30/2099,0,0,0,0,Drug,RxNorm Extension,
41161586,OMOP2359548,Bupropion 150 MG Extended Release Oral Tablet [Bupropion Neuraxpharm],Branded Drug,Standard,8/23/2017,12/30/2099,0,"16,000",0,"4,140",Drug,RxNorm Extension,
41192747,OMOP2390709,Bupropion 150 MG Extended Release Oral Tablet [Bupropion Neuraxpharm] Box of 30,Branded Drug Box,Standard,8/23/2017,12/30/2099,0,0,0,0,Drug,RxNorm Extension,
41200295,OMOP2398257,Bupropion 150 MG Extended Release Oral Tablet [Bupropion Neuraxpharm] Box of 30 by Neuraxpharm,Marketed Product,Standard,8/23/2017,12/30/2099,0,0,0,0,Drug,RxNorm Extension,
41130224,OMOP2328186,Bupropion 150 MG Extended Release Oral Tablet [Bupropion Neuraxpharm] Box of 90,Branded Drug Box,Standard,8/23/2017,12/30/2099,0,"16,000",0,"4,140",Drug,RxNorm Extension,
40856553,OMOP2054515,Bupropion 150 MG Extended Release Oral Tablet [Bupropion Neuraxpharm] Box of 90 by Neuraxpharm,Marketed Product,Standard,8/23/2017,12/30/2099,"16,000","16,000","4,140","4,140",Drug,RxNorm Extension,
43677055,OMOP669303,Bupropion 150 MG Extended Release Oral Tablet [Bupropion Neuraxpharm] by Neuraxpharm,Marketed Product,Standard,8/23/2017,12/30/2099,0,0,0,0,Drug,RxNorm Extension,
44048317,OMOP1042948,Bupropion 150 MG Extended Release Oral Tablet [Bupropion Sr],Branded Drug,Standard,8/23/2017,12/30/2099,960,960,150,150,Drug,RxNorm Extension,
44090159,OMOP1084790,Bupropion 150 MG Extended Release Oral Tablet [Bupropion Sr] by Pro Doc Limitee,Marketed Product,Standard,8/23/2017,12/30/2099,0,0,0,0,Drug,RxNorm Extension,
44103177,OMOP1097808,Bupropion 150 MG Extended Release Oral Tablet [Bupropion Sr] by Sanis,Marketed Product,Standard,8/23/2017,12/30/2099,0,0,0,0,Drug,RxNorm Extension,
43265838,OMOP565726,Bupropion 150 MG Extended Release Oral Tablet [Clorprax],Branded Drug,Standard,8/23/2017,12/30/2099,0,0,0,0,Drug,RxNorm Extension,
43276890,OMOP565736,Bupropion 150 MG Extended Release Oral Tablet [Clorprax] Box of 30,Branded Drug Box,Standard,8/23/2017,12/30/2099,0,0,0,0,Drug,RxNorm Extension,
43293067,OMOP565747,Bupropion 150 MG Extended Release Oral Tablet [Clorprax] Box of 90,Branded Drug Box,Standard,8/23/2017,12/30/2099,0,0,0,0,Drug,RxNorm Extension,
43820783,OMOP669306,Bupropion 150 MG Extended Release Oral Tablet [Elontril],Branded Drug,Standard,8/23/2017,12/30/2099,0,"53,330",0,"18,730",Drug,RxNorm Extension,
41130225,OMOP2328187,Bupropion 150 MG Extended Release Oral Tablet [Elontril] Box of 30,Branded Drug Box,Standard,8/23/2017,12/30/2099,"9,750","14,550","6,220","9,300",Drug,RxNorm Extension,
41324629,OMOP2522591,Bupropion 150 MG Extended Release Oral Tablet [Elontril] Box of 30 by Aca Mueller,Marketed Product,Standard,8/23/2017,12/30/2099,0,0,0,0,Drug,RxNorm Extension,
41168914,OMOP2366876,Bupropion 150 MG Extended Release Oral Tablet [Elontril] Box of 30 by Axicorp,Marketed Product,Standard,8/23/2017,12/30/2099,120,120,90,90,Drug,RxNorm Extension,
40822565,OMOP2020527,Bupropion 150 MG Extended Release Oral Tablet [Elontril] Box of 30 by Bb Farma,Marketed Product,Standard,8/23/2017,12/30/2099,0,0,0,0,Drug,RxNorm Extension,
41200294,OMOP2398256,Bupropion 150 MG Extended Release Oral Tablet [Elontril] Box of 30 by Beragena,Marketed Product,Standard,8/23/2017,12/30/2099,410,410,300,300,Drug,RxNorm Extension,
40856552,OMOP2054514,Bupropion 150 MG Extended Release Oral Tablet [Elontril] Box of 30 by Cc,Marketed Product,Standard,8/23/2017,12/30/2099,0,0,0,0,Drug,RxNorm Extension,
40981114,OMOP2179076,Bupropion 150 MG Extended Release Oral Tablet [Elontril] Box of 30 by Emra-Med,Marketed Product,Standard,8/23/2017,12/30/2099,"2,460","2,460","1,620","1,620",Drug,RxNorm Extension,
40856554,OMOP2054516,Bupropion 150 MG Extended Release Oral Tablet [Elontril] Box of 30 by Eurim-Pharm,Marketed Product,Standard,8/23/2017,12/30/2099,410,410,240,240,Drug,RxNorm Extension,
40950020,OMOP2147982,Bupropion 150 MG Extended Release Oral Tablet [Elontril] Box of 30 by Gerke,Marketed Product,Standard,8/23/2017,12/30/2099,"1,260","1,260",760,760,Drug,RxNorm Extension,
40856551,OMOP2054513,Bupropion 150 MG Extended Release Oral Tablet [Elontril] Box of 30 by Kohlpharma,Marketed Product,Standard,8/23/2017,12/30/2099,0,0,0,0,Drug,RxNorm Extension,
40825683,OMOP2023645,Bupropion 150 MG Extended Release Oral Tablet [Elontril] Box of 30 by Orifarm Leverkus,Marketed Product,Standard,8/23/2017,12/30/2099,140,140,70,70,Drug,RxNorm Extension,
41005060,OMOP2203022,Bupropion 150 MG Extended Release Oral Tablet [Elontril] Box of 90,Branded Drug Box,Standard,8/23/2017,12/30/2099,"25,410","38,780","5,780","9,430",Drug,RxNorm Extension,
41168913,OMOP2366875,Bupropion 150 MG Extended Release Oral Tablet [Elontril] Box of 90 by Aca Mueller,Marketed Product,Standard,8/23/2017,12/30/2099,0,0,0,0,Drug,RxNorm Extension,
41168912,OMOP2366874,Bupropion 150 MG Extended Release Oral Tablet [Elontril] Box of 90 by Axicorp,Marketed Product,Standard,8/23/2017,12/30/2099,590,590,180,180,Drug,RxNorm Extension,
41168917,OMOP2366879,Bupropion 150 MG Extended Release Oral Tablet [Elontril] Box of 90 by Bb Farma,Marketed Product,Standard,8/23/2017,12/30/2099,"1,200","1,200",370,370,Drug,RxNorm Extension,
40981113,OMOP2179075,Bupropion 150 MG Extended Release Oral Tablet [Elontril] Box of 90 by Beragena,Marketed Product,Standard,8/23/2017,12/30/2099,"1,900","1,900",440,440,Drug,RxNorm Extension,
41200292,OMOP2398254,Bupropion 150 MG Extended Release Oral Tablet [Elontril] Box of 90 by Cc,Marketed Product,Standard,8/23/2017,12/30/2099,950,950,280,280,Drug,RxNorm Extension,
40856550,OMOP2054512,Bupropion 150 MG Extended Release Oral Tablet [Elontril] Box of 90 by Emra-Med,Marketed Product,Standard,8/23/2017,12/30/2099,"4,020","4,020","1,150","1,150",Drug,RxNorm Extension,
40981112,OMOP2179074,Bupropion 150 MG Extended Release Oral Tablet [Elontril] Box of 90 by Eurim-Pharm,Marketed Product,Standard,8/23/2017,12/30/2099,70,70,40,40,Drug,RxNorm Extension,
1971776,OMOP5164345,bupropion 150 MG Extended Release Oral Tablet [Elontril] Box of 90 by Fd,Marketed Product,Standard,1/27/2022,12/30/2099,30,30,10,10,Drug,RxNorm Extension,
41200291,OMOP2398253,Bupropion 150 MG Extended Release Oral Tablet [Elontril] Box of 90 by Gerke,Marketed Product,Standard,8/23/2017,12/30/2099,"3,340","3,340",870,870,Drug,RxNorm Extension,
40918737,OMOP2116699,Bupropion 150 MG Extended Release Oral Tablet [Elontril] Box of 90 by Kohlpharma,Marketed Product,Standard,8/23/2017,12/30/2099,"1,270","1,270",310,310,Drug,RxNorm Extension,
41262091,OMOP2460053,Bupropion 150 MG Extended Release Oral Tablet [Elontril] Box of 90 by Orifarm Leverkus,Marketed Product,Standard,8/23/2017,12/30/2099,0,0,0,0,Drug,RxNorm Extension,
43640911,OMOP669307,Bupropion 150 MG Extended Release Oral Tablet [Elontril] by Glaxosmithkline,Marketed Product,Standard,8/23/2017,12/30/2099,0,0,0,0,Drug,RxNorm Extension,
42966747,OMOP4693203,Bupropion 150 MG Extended Release Oral Tablet [HEALTHPION],Branded Drug,Standard,8/20/2018,12/30/2099,0,0,0,0,Drug,RxNorm Extension,
43586695,OMOP669308,Bupropion 150 MG Extended Release Oral Tablet [Magerion],Branded Drug,Standard,8/23/2017,12/30/2099,0,0,0,0,Drug,RxNorm Extension,
43856891,OMOP669309,Bupropion 150 MG Extended Release Oral Tablet [Magerion] by Glaxosmithkline,Marketed Product,Standard,8/23/2017,12/30/2099,0,0,0,0,Drug,RxNorm Extension,
44048316,OMOP1042947,Bupropion 150 MG Extended Release Oral Tablet [Mylan-Bupropion Xl],Branded Drug,Standard,8/23/2017,12/30/2099,0,0,0,0,Drug,RxNorm Extension,
44103176,OMOP1097807,Bupropion 150 MG Extended Release Oral Tablet [Mylan-Bupropion Xl] by Mylan,Marketed Product,Standard,8/23/2017,12/30/2099,0,0,0,0,Drug,RxNorm Extension,
42966750,OMOP4693206,Bupropion 150 MG Extended Release Oral Tablet [NICONOPE],Branded Drug,Standard,8/20/2018,12/30/2099,0,0,0,0,Drug,RxNorm Extension,
42966739,OMOP4693195,Bupropion 150 MG Extended Release Oral Tablet [NICOPION],Branded Drug,Standard,8/20/2018,12/30/2099,190,190,30,30,Drug,RxNorm Extension,
44112765,OMOP1107396,Bupropion 150 MG Extended Release Oral Tablet [Novo-Bupropion Sr],Branded Drug,Standard,8/23/2017,12/30/2099,0,0,0,0,Drug,RxNorm Extension,
44129143,OMOP1123774,Bupropion 150 MG Extended Release Oral Tablet [Novo-Bupropion Sr] by Novopharm,Marketed Product,Standard,8/23/2017,12/30/2099,0,0,0,0,Drug,RxNorm Extension,
42966745,OMOP4693201,Bupropion 150 MG Extended Release Oral Tablet [PAPION],Branded Drug,Standard,8/20/2018,12/30/2099,0,0,0,0,Drug,RxNorm Extension,
44112764,OMOP1107395,Bupropion 150 MG Extended Release Oral Tablet [Pms-Bupropion Sr],Branded Drug,Standard,8/23/2017,12/30/2099,0,0,0,0,Drug,RxNorm Extension,
44129142,OMOP1123773,Bupropion 150 MG Extended Release Oral Tablet [Pms-Bupropion Sr] by Pharmascience,Marketed Product,Standard,8/23/2017,12/30/2099,0,0,0,0,Drug,RxNorm Extension,
43271327,OMOP565698,Bupropion 150 MG Extended Release Oral Tablet [Prexaton],Branded Drug,Standard,8/23/2017,12/30/2099,0,0,0,0,Drug,RxNorm Extension,
43287639,OMOP565709,Bupropion 150 MG Extended Release Oral Tablet [Prexaton] Box of 30,Branded Drug Box,Standard,8/23/2017,12/30/2099,0,0,0,0,Drug,RxNorm Extension,
43287640,OMOP565717,Bupropion 150 MG Extended Release Oral Tablet [Prexaton] Box of 90,Branded Drug Box,Standard,8/23/2017,12/30/2099,0,0,0,0,Drug,RxNorm Extension,
44061295,OMOP1055926,Bupropion 150 MG Extended Release Oral Tablet [Ratio-Bupropion Sr],Branded Drug,Standard,8/23/2017,12/30/2099,0,0,0,0,Drug,RxNorm Extension,
44115972,OMOP1110603,Bupropion 150 MG Extended Release Oral Tablet [Ratio-Bupropion Sr] by TEVA,Marketed Product,Standard,8/23/2017,12/30/2099,0,0,0,0,Drug,RxNorm Extension,
44061294,OMOP1055925,Bupropion 150 MG Extended Release Oral Tablet [Sandoz Bupropion Sr],Branded Drug,Standard,8/23/2017,12/30/2099,0,0,0,0,Drug,RxNorm Extension,
44115971,OMOP1110602,Bupropion 150 MG Extended Release Oral Tablet [Sandoz Bupropion Sr] by Sandoz,Marketed Product,Standard,8/23/2017,12/30/2099,0,0,0,0,Drug,RxNorm Extension,
42966744,OMOP4693200,Bupropion 150 MG Extended Release Oral Tablet [STAPION],Branded Drug,Standard,8/20/2018,12/30/2099,0,0,0,0,Drug,RxNorm Extension,
42966740,OMOP4693196,Bupropion 150 MG Extended Release Oral Tablet [WELL],Branded Drug,Standard,8/20/2018,12/30/2099,0,0,0,0,Drug,RxNorm Extension,
40911434,OMOP2109396,Bupropion 150 MG Extended Release Oral Tablet [Wellbutrin] Box of 100,Branded Drug Box,Standard,8/23/2017,12/30/2099,0,0,0,0,Drug,RxNorm Extension,
41324626,OMOP2522588,Bupropion 150 MG Extended Release Oral Tablet [Wellbutrin] Box of 100 by Eurim-Pharm,Marketed Product,Standard,8/23/2017,12/30/2099,0,0,0,0,Drug,RxNorm Extension,
40973681,OMOP2171643,Bupropion 150 MG Extended Release Oral Tablet [Wellbutrin] Box of 30,Branded Drug Box,Standard,8/23/2017,12/30/2099,0,0,0,0,Drug,RxNorm Extension,
41168915,OMOP2366877,Bupropion 150 MG Extended Release Oral Tablet [Wellbutrin] Box of 30 by Eurim-Pharm,Marketed Product,Standard,8/23/2017,12/30/2099,0,0,0,0,Drug,RxNorm Extension,
36788628,OMOP4776883,Bupropion 150 MG Extended Release Oral Tablet [Wellbutrin] Box of 30 by GSK,Marketed Product,Standard,8/31/2018,12/30/2099,0,0,0,0,Drug,RxNorm Extension,
41005058,OMOP2203020,Bupropion 150 MG Extended Release Oral Tablet [Wellbutrin] Box of 60,Branded Drug Box,Standard,8/23/2017,12/30/2099,0,0,0,0,Drug,RxNorm Extension,
41043504,OMOP2241466,Bupropion 150 MG Extended Release Oral Tablet [Wellbutrin] Box of 60 by Eurim-Pharm,Marketed Product,Standard,8/23/2017,12/30/2099,0,0,0,0,Drug,RxNorm Extension,
44188980,OMOP3065703,Bupropion 150 MG Extended Release Oral Tablet [Wellbutrin] Box of 90,Branded Drug Box,Standard,10/5/2017,12/30/2099,0,250,0,110,Drug,RxNorm Extension,
36788626,OMOP4776881,Bupropion 150 MG Extended Release Oral Tablet [Wellbutrin] Box of 90 by GSK,Marketed Product,Standard,8/31/2018,12/30/2099,0,0,0,0,Drug,RxNorm Extension,
44171651,OMOP3048374,Bupropion 150 MG Extended Release Oral Tablet [Wellbutrin] Box of 90 by Kohlpharma,Marketed Product,Standard,10/5/2017,12/30/2099,20,20,10,10,Drug,RxNorm Extension,
36788627,OMOP4776882,Bupropion 150 MG Extended Release Oral Tablet [Wellbutrin] Box of 90 by PI-Pharma,Marketed Product,Standard,8/31/2018,12/30/2099,230,230,100,100,Drug,RxNorm Extension,
44099949,OMOP1094580,Bupropion 150 MG Extended Release Oral Tablet [Wellbutrin SR],Branded Drug,Standard,8/23/2017,12/30/2099,0,0,0,0,Drug,RxNorm Extension,
44038408,OMOP1033039,Bupropion 150 MG Extended Release Oral Tablet [Wellbutrin SR] by Valeant,Marketed Product,Standard,8/23/2017,12/30/2099,0,0,0,0,Drug,RxNorm Extension,
44125936,OMOP1120567,Bupropion 150 MG Extended Release Oral Tablet [Wellbutrin XL],Branded Drug,Standard,8/23/2017,12/30/2099,"43,400","43,400","5,530","5,530",Drug,RxNorm Extension,
44077255,OMOP1071886,Bupropion 150 MG Extended Release Oral Tablet [Wellbutrin XL] by Valeant,Marketed Product,Standard,8/23/2017,12/30/2099,0,0,0,0,Drug,RxNorm Extension,
42966748,OMOP4693204,Bupropion 150 MG Extended Release Oral Tablet [WELLVIEWDERMA],Branded Drug,Standard,8/20/2018,12/30/2099,0,0,0,0,Drug,RxNorm Extension,
42966749,OMOP4693205,Bupropion 150 MG Extended Release Oral Tablet [ZEROPION],Branded Drug,Standard,8/20/2018,12/30/2099,0,0,0,0,Drug,RxNorm Extension,
36956475,OMOP5204966,bupropion 150 MG Extended Release Oral Tablet [Zyban] Box of 100,Branded Drug Box,Standard,5/21/2023,12/30/2099,0,0,0,0,Drug,RxNorm Extension,
21104252,OMOP409925,Bupropion 150 MG Extended Release Oral Tablet [Zyban] Box of 100,Branded Drug Box,Standard,8/23/2017,12/30/2099,820,820,650,650,Drug,RxNorm Extension,
36927304,OMOP5204967,bupropion 150 MG Extended Release Oral Tablet [Zyban] Box of 100 by Dowelhurst,Marketed Product,Standard,5/21/2023,12/30/2099,0,0,0,0,Drug,RxNorm Extension,
21104253,OMOP409926,Bupropion 150 MG Extended Release Oral Tablet [Zyban] Box of 100 by Dowelhurst,Marketed Product,Standard,8/23/2017,12/30/2099,0,0,0,0,Drug,RxNorm Extension,
36788624,OMOP4776879,Bupropion 150 MG Extended Release Oral Tablet [Zyban] Box of 100 by GSK,Marketed Product,Standard,8/31/2018,12/30/2099,0,0,0,0,Drug,RxNorm Extension,
41005059,OMOP2203021,Bupropion 150 MG Extended Release Oral Tablet [Zyban] Box of 30,Branded Drug Box,Standard,8/23/2017,12/30/2099,"2,880","2,930","2,220","2,260",Drug,RxNorm Extension,
41168916,OMOP2366878,Bupropion 150 MG Extended Release Oral Tablet [Zyban] Box of 30 by Emra-Med,Marketed Product,Standard,8/23/2017,12/30/2099,50,50,40,40,Drug,RxNorm Extension,
41293267,OMOP2491229,Bupropion 150 MG Extended Release Oral Tablet [Zyban] Box of 30 by Eurim-Pharm,Marketed Product,Standard,8/23/2017,12/30/2099,0,0,0,0,Drug,RxNorm Extension,
36788625,OMOP4776880,Bupropion 150 MG Extended Release Oral Tablet [Zyban] Box of 30 by GSK,Marketed Product,Standard,8/31/2018,12/30/2099,0,0,0,0,Drug,RxNorm Extension,
36920790,OMOP5204958,bupropion 150 MG Extended Release Oral Tablet [Zyban] Box of 60,Branded Drug Box,Standard,5/21/2023,12/30/2099,0,0,0,0,Drug,RxNorm Extension,
21172941,OMOP409916,Bupropion 150 MG Extended Release Oral Tablet [Zyban] Box of 60,Branded Drug Box,Standard,8/23/2017,12/30/2099,560,560,440,440,Drug,RxNorm Extension,
36062567,OMOP4988596,bupropion 150 MG Extended Release Oral Tablet [Zyban] Box of 60 by CST,Marketed Product,Standard,8/16/2020,12/30/2099,0,0,0,0,Drug,RxNorm Extension,
36956585,OMOP5204959,bupropion 150 MG Extended Release Oral Tablet [Zyban] Box of 60 by DE,Marketed Product,Standard,5/21/2023,12/30/2099,0,0,0,0,Drug,RxNorm Extension,
21084550,OMOP409921,Bupropion 150 MG Extended Release Oral Tablet [Zyban] Box of 60 by DE,Marketed Product,Standard,8/23/2017,12/30/2099,0,0,0,0,Drug,RxNorm Extension,
36925186,OMOP5204960,bupropion 150 MG Extended Release Oral Tablet [Zyban] Box of 60 by Dowelhurst,Marketed Product,Standard,5/21/2023,12/30/2099,0,0,0,0,Drug,RxNorm Extension,
21025652,OMOP409924,Bupropion 150 MG Extended Release Oral Tablet [Zyban] Box of 60 by Dowelhurst,Marketed Product,Standard,8/23/2017,12/30/2099,0,0,0,0,Drug,RxNorm Extension,
36942368,OMOP5204965,bupropion 150 MG Extended Release Oral Tablet [Zyban] Box of 60 by Glaxosmithkline,Marketed Product,Standard,5/21/2023,12/30/2099,0,0,0,0,Drug,RxNorm Extension,
21133502,OMOP409923,Bupropion 150 MG Extended Release Oral Tablet [Zyban] Box of 60 by Glaxosmithkline,Marketed Product,Standard,8/23/2017,12/30/2099,0,0,0,0,Drug,RxNorm Extension,
36920939,OMOP5204961,bupropion 150 MG Extended Release Oral Tablet [Zyban] Box of 60 by Lexon,Marketed Product,Standard,5/21/2023,12/30/2099,0,0,0,0,Drug,RxNorm Extension,
21045267,OMOP409922,Bupropion 150 MG Extended Release Oral Tablet [Zyban] Box of 60 by Lexon,Marketed Product,Standard,8/23/2017,12/30/2099,0,0,0,0,Drug,RxNorm Extension,
36936028,OMOP5204963,bupropion 150 MG Extended Release Oral Tablet [Zyban] Box of 60 by Mawdsley-Brooks,Marketed Product,Standard,5/21/2023,12/30/2099,0,0,0,0,Drug,RxNorm Extension,
21064917,OMOP409917,Bupropion 150 MG Extended Release Oral Tablet [Zyban] Box of 60 by Mawdsley-Brooks,Marketed Product,Standard,8/23/2017,12/30/2099,0,0,0,0,Drug,RxNorm Extension,
36952462,OMOP5204964,bupropion 150 MG Extended Release Oral Tablet [Zyban] Box of 60 by Sigma,Marketed Product,Standard,5/21/2023,12/30/2099,0,0,0,0,Drug,RxNorm Extension,
40747738,OMOP4709550,Bupropion 150 MG Extended Release Oral Tablet [Zyban] Box of 60 by Sigma,Marketed Product,Standard,6/3/2018,12/30/2099,0,0,0,0,Drug,RxNorm Extension,
21163196,OMOP409918,Bupropion 150 MG Extended Release Oral Tablet [Zyban] Box of 60 by Sigma-Tau,Marketed Product,Standard,8/23/2017,12/30/2099,0,0,0,0,Drug,RxNorm Extension,
36938996,OMOP5204962,bupropion 150 MG Extended Release Oral Tablet [Zyban] Box of 60 by Waymade,Marketed Product,Standard,5/21/2023,12/30/2099,0,0,0,0,Drug,RxNorm Extension,
21172942,OMOP409920,Bupropion 150 MG Extended Release Oral Tablet [Zyban] Box of 60 by Waymade,Marketed Product,Standard,8/23/2017,12/30/2099,0,0,0,0,Drug,RxNorm Extension,
2915941,OMOP5132758,bupropion 150 MG Extended Release Oral Tablet [Zyban] Box of 90,Branded Drug Box,Standard,6/29/2021,12/30/2099,0,0,0,0,Drug,RxNorm Extension,
36062568,OMOP4988597,bupropion 150 MG Extended Release Oral Tablet [Zyban] by CST,Marketed Product,Standard,8/16/2020,12/30/2099,0,0,0,0,Drug,RxNorm Extension,
21045265,OMOP409912,Bupropion 150 MG Extended Release Oral Tablet [Zyban] by DE,Marketed Product,Standard,8/23/2017,12/30/2099,0,0,0,0,Drug,RxNorm Extension,
21055075,OMOP409915,Bupropion 150 MG Extended Release Oral Tablet [Zyban] by Dowelhurst,Marketed Product,Standard,8/23/2017,12/30/2099,0,0,0,0,Drug,RxNorm Extension,
21045266,OMOP409914,Bupropion 150 MG Extended Release Oral Tablet [Zyban] by Glaxosmithkline,Marketed Product,Standard,8/23/2017,12/30/2099,"7,850","7,850","4,590","4,590",Drug,RxNorm Extension,
21055074,OMOP409913,Bupropion 150 MG Extended Release Oral Tablet [Zyban] by Lexon,Marketed Product,Standard,8/23/2017,12/30/2099,0,0,0,0,Drug,RxNorm Extension,
21094301,OMOP409909,Bupropion 150 MG Extended Release Oral Tablet [Zyban] by Mawdsley-Brooks,Marketed Product,Standard,8/23/2017,12/30/2099,0,0,0,0,Drug,RxNorm Extension,
40747739,OMOP4709549,Bupropion 150 MG Extended Release Oral Tablet [Zyban] by Sigma,Marketed Product,Standard,6/3/2018,12/30/2099,0,0,0,0,Drug,RxNorm Extension,
21084549,OMOP409910,Bupropion 150 MG Extended Release Oral Tablet [Zyban] by Sigma-Tau,Marketed Product,Standard,8/23/2017,12/30/2099,0,0,0,0,Drug,RxNorm Extension,
44038407,OMOP1033038,Bupropion 150 MG Extended Release Oral Tablet [Zyban] by Valeant,Marketed Product,Standard,8/23/2017,12/30/2099,0,0,0,0,Drug,RxNorm Extension,
21104251,OMOP409911,Bupropion 150 MG Extended Release Oral Tablet [Zyban] by Waymade,Marketed Product,Standard,8/23/2017,12/30/2099,0,0,0,0,Drug,RxNorm Extension,
43200064,OMOP432723,Bupropion 150 MG Extended Release Oral Tablet [ZYBAN L],Branded Drug,Standard,8/23/2017,12/30/2099,0,0,0,0,Drug,RxNorm Extension,
43156108,OMOP432724,Bupropion 150 MG Extended Release Oral Tablet [ZYBAN L] Box of 60,Branded Drug Box,Standard,8/23/2017,12/30/2099,0,0,0,0,Drug,RxNorm Extension,
43144913,OMOP432725,Bupropion 150 MG Extended Release Oral Tablet [ZYBAN L] Box of 60 by Glaxosmithkline,Marketed Product,Standard,8/23/2017,12/30/2099,0,0,0,0,Drug,RxNorm Extension,
43265839,OMOP565758,Bupropion 150 MG Extended Release Oral Tablet [Zyban SR],Branded Drug,Standard,8/23/2017,12/30/2099,0,"6,220",0,"3,280",Drug,RxNorm Extension,
43265840,OMOP565768,Bupropion 150 MG Extended Release Oral Tablet [Zyban SR] Box of 30,Branded Drug Box,Standard,8/23/2017,12/30/2099,"1,630","1,630","1,310","1,310",Drug,RxNorm Extension,
43255063,OMOP565772,Bupropion 150 MG Extended Release Oral Tablet [Zyban SR] Box of 90,Branded Drug Box,Standard,8/23/2017,12/30/2099,"4,590","4,590","1,970","1,970",Drug,RxNorm Extension,
40222060,993687,bupropion hydrochloride 100 MG Oral Tablet,Clinical Drug,Standard,7/3/2010,12/30/2099,"8,477,340","8,551,200","1,493,930","1,526,210",Drug,RxNorm,
1525612,2611260,bupropion hydrochloride 105 MG / dextromethorphan hydrobromide 45 MG Extended Release Oral Tablet,Clinical Drug,Standard,10/2/2022,12/30/2099,680,"19,270",280,"9,940",Drug,RxNorm,
40222092,993691,bupropion hydrochloride 75 MG Oral Tablet,Clinical Drug,Standard,7/3/2010,12/30/2099,"12,048,440","12,108,590","2,525,680","2,550,570",Drug,RxNorm,
36220348,1167380,Chantix Oral Product,Branded Dose Group,Classification,7/31/2016,12/30/2099,0,"20,339,270",0,"9,664,170",Drug,RxNorm,
36220349,1167381,Chantix Pill,Branded Dose Group,Classification,7/31/2016,12/30/2099,0,"20,339,270",0,"9,664,170",Drug,RxNorm,
36249641,1801289,Smoking Cessation 12 HR bupropion hydrochloride 150 MG Extended Release Oral Tablet,Clinical Drug,Standard,7/31/2016,12/30/2099,"1,886,710","2,268,030","634,220","785,210",Drug,RxNorm,
40221861,993524,Smoking Cessation 12 HR bupropion hydrochloride 150 MG Extended Release Oral Tablet [Buproban],Branded Drug,Standard,7/3/2010,12/30/2099,"112,750","112,750","52,850","52,850",Drug,RxNorm,
40221863,993954,Smoking Cessation 12 HR bupropion hydrochloride 150 MG Extended Release Oral Tablet [Zyban],Branded Drug,Standard,7/3/2010,12/30/2099,"111,930","111,930","51,090","51,090",Drug,RxNorm,
702089,2572368,Tyrvaya Inhalant Product,Branded Dose Group,Classification,1/2/2022,12/30/2099,0,"119,330",0,"40,820",Drug,RxNorm,
702090,2572369,Tyrvaya Nasal Product,Branded Dose Group,Classification,1/2/2022,12/30/2099,0,"119,330",0,"40,820",Drug,RxNorm,
780442,591622,varenicline,Ingredient,Standard,7/8/2006,12/30/2099,"11,913,000","35,220,350","6,476,420","17,493,980",Drug,RxNorm,
702082,2572361,varenicline 0.03 MG/ACTUAT,Clinical Drug Comp,Standard,1/2/2022,12/30/2099,0,"121,180",0,"41,600",Drug,RxNorm,
702086,2572365,varenicline 0.03 MG/ACTUAT Nasal Spray,Clinical Drug,Standard,1/2/2022,12/30/2099,"1,850","121,180",780,"41,600",Drug,RxNorm,
702092,2572371,varenicline 0.03 MG/ACTUAT Nasal Spray [Tyrvaya],Branded Drug,Standard,1/2/2022,12/30/2099,"119,330","119,330","40,820","40,820",Drug,RxNorm,
702088,2572367,varenicline 0.03 MG/ACTUAT [Tyrvaya],Branded Drug Comp,Standard,1/2/2022,12/30/2099,0,"119,330",0,"40,820",Drug,RxNorm,
36889159,OMOP988195,varenicline 0.1 MG,Clinical Drug Comp,Standard,8/23/2017,12/30/2099,0,0,0,0,Drug,RxNorm Extension,
43194149,OMOP485548,varenicline 0.1 MG/MG,Clinical Drug Comp,Standard,8/23/2017,12/30/2099,0,0,0,0,Drug,RxNorm Extension,
43183161,OMOP485549,varenicline 0.1 MG Oral Tablet,Clinical Drug,Standard,8/23/2017,12/30/2099,0,0,0,0,Drug,RxNorm Extension,
36883330,OMOP991151,varenicline 0.2 MG,Clinical Drug Comp,Standard,8/23/2017,12/30/2099,0,0,0,0,Drug,RxNorm Extension,
43172191,OMOP485546,varenicline 0.2 MG/MG,Clinical Drug Comp,Standard,8/23/2017,12/30/2099,0,0,0,0,Drug,RxNorm Extension,
43183160,OMOP485547,varenicline 0.2 MG Oral Tablet,Clinical Drug,Standard,8/23/2017,12/30/2099,0,0,0,0,Drug,RxNorm Extension,
780443,636669,varenicline 0.5 MG,Clinical Drug Comp,Standard,7/8/2006,12/30/2099,"4,520","9,876,110","4,240","6,325,840",Drug,RxNorm,
21065806,OMOP261994,varenicline 0.5 MG [Champix],Branded Drug Comp,Standard,8/23/2017,12/30/2099,10,"162,980",10,"77,340",Drug,RxNorm Extension,
19089146,637186,varenicline 0.5 MG [Chantix],Branded Drug Comp,Standard,7/8/2006,12/30/2099,"237,230","9,006,780","60,330","5,726,060",Drug,RxNorm,
43150055,OMOP485550,varenicline 0.5 MG Delayed Release Oral Tablet,Clinical Drug,Standard,8/23/2017,12/30/2099,0,680,0,560,Drug,RxNorm Extension,
35749766,OMOP2751227,varenicline 0.5 MG Delayed Release Oral Tablet Box of 11,Clinical Drug Box,Standard,8/23/2017,12/30/2099,0,0,0,0,Drug,RxNorm Extension,
43216021,OMOP485551,varenicline 0.5 MG Delayed Release Oral Tablet Box of 56,Clinical Drug Box,Standard,8/23/2017,12/30/2099,0,680,0,560,Drug,RxNorm Extension,
43205107,OMOP485553,varenicline 0.5 MG Delayed Release Oral Tablet [Champix],Branded Drug,Standard,8/23/2017,12/30/2099,0,680,0,560,Drug,RxNorm Extension,
35754316,OMOP2755777,varenicline 0.5 MG Delayed Release Oral Tablet [Champix] Box of 11,Branded Drug Box,Standard,8/23/2017,12/30/2099,0,0,0,0,Drug,RxNorm Extension,
35767622,OMOP2769083,varenicline 0.5 MG Delayed Release Oral Tablet [Champix] Box of 11 by Mawdsley-Brooks,Marketed Product,Standard,8/23/2017,12/30/2099,0,0,0,0,Drug,RxNorm Extension,
35759297,OMOP2760758,varenicline 0.5 MG Delayed Release Oral Tablet [Champix] Box of 11 by Pfizer,Marketed Product,Standard,8/23/2017,12/30/2099,0,0,0,0,Drug,RxNorm Extension,
35755195,OMOP2756656,varenicline 0.5 MG Delayed Release Oral Tablet [Champix] Box of 11 by Sigma-Tau,Marketed Product,Standard,8/23/2017,12/30/2099,0,0,0,0,Drug,RxNorm Extension,
35759296,OMOP2760757,varenicline 0.5 MG Delayed Release Oral Tablet [Champix] Box of 11 by Waymade,Marketed Product,Standard,8/23/2017,12/30/2099,0,0,0,0,Drug,RxNorm Extension,
43205108,OMOP485554,varenicline 0.5 MG Delayed Release Oral Tablet [Champix] Box of 56,Branded Drug Box,Standard,8/23/2017,12/30/2099,0,680,0,560,Drug,RxNorm Extension,
43183162,OMOP485555,varenicline 0.5 MG Delayed Release Oral Tablet [Champix] Box of 56 by Pfizer,Marketed Product,Standard,8/23/2017,12/30/2099,680,680,560,560,Drug,RxNorm Extension,
35767623,OMOP2769084,varenicline 0.5 MG Delayed Release Oral Tablet [Champix] by Mawdsley-Brooks,Marketed Product,Standard,8/23/2017,12/30/2099,0,0,0,0,Drug,RxNorm Extension,
35771973,OMOP2773434,varenicline 0.5 MG Delayed Release Oral Tablet [Champix] by Pfizer,Marketed Product,Standard,8/23/2017,12/30/2099,0,0,0,0,Drug,RxNorm Extension,
35759299,OMOP2760760,varenicline 0.5 MG Delayed Release Oral Tablet [Champix] by Sigma-Tau,Marketed Product,Standard,8/23/2017,12/30/2099,0,0,0,0,Drug,RxNorm Extension,
35759298,OMOP2760759,varenicline 0.5 MG Delayed Release Oral Tablet [Champix] by Waymade,Marketed Product,Standard,8/23/2017,12/30/2099,0,0,0,0,Drug,RxNorm Extension,
44105322,OMOP1099953,varenicline 0.5 MG [Gd-Varenicline],Branded Drug Comp,Standard,8/23/2017,12/30/2099,0,0,0,0,Drug,RxNorm Extension,
780444,636671,varenicline 0.5 MG Oral Tablet,Clinical Drug,Standard,7/8/2006,12/30/2099,"328,350","9,633,670","230,270","6,260,700",Drug,RxNorm,
21154281,OMOP261996,varenicline 0.5 MG Oral Tablet Box of 11,Clinical Drug Box,Standard,8/23/2017,12/30/2099,0,40,0,40,Drug,RxNorm Extension,
21036370,OMOP261997,varenicline 0.5 MG Oral Tablet Box of 56,Clinical Drug Box,Standard,8/23/2017,12/30/2099,10,350,10,290,Drug,RxNorm Extension,
21114920,OMOP261998,varenicline 0.5 MG Oral Tablet [Champix],Branded Drug,Standard,8/23/2017,12/30/2099,"143,460","162,290","61,610","76,770",Drug,RxNorm Extension,
21144362,OMOP262003,varenicline 0.5 MG Oral Tablet [Champix] Box of 11,Branded Drug Box,Standard,8/23/2017,12/30/2099,40,40,40,40,Drug,RxNorm Extension,
21134442,OMOP262004,varenicline 0.5 MG Oral Tablet [Champix] Box of 11 by Mawdsley-Brooks,Marketed Product,Standard,8/23/2017,12/30/2099,0,0,0,0,Drug,RxNorm Extension,
21026596,OMOP262005,varenicline 0.5 MG Oral Tablet [Champix] Box of 11 by Pfizer,Marketed Product,Standard,8/23/2017,12/30/2099,0,0,0,0,Drug,RxNorm Extension,
40736438,OMOP4720789,varenicline 0.5 MG Oral Tablet [Champix] Box of 11 by Sigma,Marketed Product,Standard,6/3/2018,12/30/2099,0,0,0,0,Drug,RxNorm Extension,
21055998,OMOP262007,varenicline 0.5 MG Oral Tablet [Champix] Box of 11 by Sigma-Tau,Marketed Product,Standard,8/23/2017,12/30/2099,0,0,0,0,Drug,RxNorm Extension,
21144363,OMOP262008,varenicline 0.5 MG Oral Tablet [Champix] Box of 11 by Waymade,Marketed Product,Standard,8/23/2017,12/30/2099,0,0,0,0,Drug,RxNorm Extension,
21036371,OMOP262009,varenicline 0.5 MG Oral Tablet [Champix] Box of 56,Branded Drug Box,Standard,8/23/2017,12/30/2099,0,340,0,280,Drug,RxNorm Extension,
40882419,OMOP2080381,varenicline 0.5 MG Oral Tablet [Champix] Box of 56 by Cc,Marketed Product,Standard,8/23/2017,12/30/2099,20,20,10,10,Drug,RxNorm Extension,
21095256,OMOP262010,varenicline 0.5 MG Oral Tablet [Champix] Box of 56 by Pfizer,Marketed Product,Standard,8/23/2017,12/30/2099,320,320,270,270,Drug,RxNorm Extension,
21055997,OMOP261999,varenicline 0.5 MG Oral Tablet [Champix] by Mawdsley-Brooks,Marketed Product,Standard,8/23/2017,12/30/2099,0,0,0,0,Drug,RxNorm Extension,
21105118,OMOP262000,varenicline 0.5 MG Oral Tablet [Champix] by Pfizer,Marketed Product,Standard,8/23/2017,12/30/2099,"18,450","18,450","14,840","14,840",Drug,RxNorm Extension,
40736439,OMOP4720788,varenicline 0.5 MG Oral Tablet [Champix] by Sigma,Marketed Product,Standard,6/3/2018,12/30/2099,0,0,0,0,Drug,RxNorm Extension,
21164062,OMOP262001,varenicline 0.5 MG Oral Tablet [Champix] by Sigma-Tau,Marketed Product,Standard,8/23/2017,12/30/2099,0,0,0,0,Drug,RxNorm Extension,
21114921,OMOP262002,varenicline 0.5 MG Oral Tablet [Champix] by Waymade,Marketed Product,Standard,8/23/2017,12/30/2099,0,0,0,0,Drug,RxNorm Extension,
780447,637188,varenicline 0.5 MG Oral Tablet [Chantix],Branded Drug,Standard,7/8/2006,12/30/2099,"733,520","8,769,550","393,480","5,665,730",Drug,RxNorm,
44098252,OMOP1092883,varenicline 0.5 MG Oral Tablet [Gd-Varenicline],Branded Drug,Standard,8/23/2017,12/30/2099,0,0,0,0,Drug,RxNorm Extension,
44087549,OMOP1082180,varenicline 0.5 MG Oral Tablet [Gd-Varenicline] by Pfizer,Marketed Product,Standard,8/23/2017,12/30/2099,0,0,0,0,Drug,RxNorm Extension,
40703337,OMOP4754460,{(varenicline 0.5 MG Oral Tablet) / (varenicline 1 MG Oral Tablet) } Pack,Clinical Pack,Standard,6/3/2018,12/30/2099,"62,960","68,370","40,400","44,280",Drug,RxNorm Extension,
40703339,OMOP4754458,{(varenicline 0.5 MG Oral Tablet) / (varenicline 1 MG Oral Tablet) } Pack [Champix],Branded Pack,Standard,6/3/2018,12/30/2099,0,"5,410",0,"3,880",Drug,RxNorm Extension,
40703341,OMOP4754456,{(varenicline 0.5 MG Oral Tablet) / (varenicline 1 MG Oral Tablet) } Pack [Champix] by Mawdsley-Brooks,Marketed Product,Standard,6/3/2018,12/30/2099,0,0,0,0,Drug,RxNorm Extension,
40703342,OMOP4754455,{(varenicline 0.5 MG Oral Tablet) / (varenicline 1 MG Oral Tablet) } Pack [Champix] by Pfizer,Marketed Product,Standard,6/3/2018,12/30/2099,"5,410","5,410","3,880","3,880",Drug,RxNorm Extension,
40703338,OMOP4754459,{(varenicline 0.5 MG Oral Tablet) / (varenicline 1 MG Oral Tablet) } Pack [Champix] by Sigma Pharmaceuticals Plc,Marketed Product,Standard,6/3/2018,12/30/2099,0,0,0,0,Drug,RxNorm Extension,
40703340,OMOP4754457,{(varenicline 0.5 MG Oral Tablet) / (varenicline 1 MG Oral Tablet) } Pack [Champix] by Waymade,Marketed Product,Standard,6/3/2018,12/30/2099,0,0,0,0,Drug,RxNorm Extension,
41075685,OMOP2273647,varenicline 1.33 MG,Clinical Drug Comp,Standard,8/23/2017,12/30/2099,0,"2,650",0,"2,350",Drug,RxNorm Extension,
41233727,OMOP2431689,varenicline 1.33 MG [Champix],Branded Drug Comp,Standard,8/23/2017,12/30/2099,0,"2,650",0,"2,350",Drug,RxNorm Extension,
41020567,OMOP2218529,varenicline 1.33 MG Oral Tablet,Clinical Drug,Standard,8/23/2017,12/30/2099,0,"2,650",0,"2,350",Drug,RxNorm Extension,
40927061,OMOP2125023,varenicline 1.33 MG Oral Tablet Box of 25,Clinical Drug Box,Standard,8/23/2017,12/30/2099,0,"2,650",0,"2,350",Drug,RxNorm Extension,
40833736,OMOP2031698,varenicline 1.33 MG Oral Tablet Box of 53,Clinical Drug Box,Standard,8/23/2017,12/30/2099,0,0,0,0,Drug,RxNorm Extension,
41306968,OMOP2504930,varenicline 1.33 MG Oral Tablet [Champix],Branded Drug,Standard,8/23/2017,12/30/2099,0,"2,650",0,"2,350",Drug,RxNorm Extension,
41182647,OMOP2380609,varenicline 1.33 MG Oral Tablet [Champix] Box of 25,Branded Drug Box,Standard,8/23/2017,12/30/2099,0,"2,650",0,"2,350",Drug,RxNorm Extension,
41069369,OMOP2267331,varenicline 1.33 MG Oral Tablet [Champix] Box of 25 by Pfizer,Marketed Product,Standard,8/23/2017,12/30/2099,"2,650","2,650","2,350","2,350",Drug,RxNorm Extension,
41306967,OMOP2504929,varenicline 1.33 MG Oral Tablet [Champix] Box of 53,Branded Drug Box,Standard,8/23/2017,12/30/2099,0,0,0,0,Drug,RxNorm Extension,
44065360,OMOP1059991,varenicline 1.5 MG,Clinical Drug Comp,Standard,8/23/2017,12/30/2099,0,340,0,280,Drug,RxNorm Extension,
44105323,OMOP1099954,varenicline 1.5 MG [Champix],Branded Drug Comp,Standard,8/23/2017,12/30/2099,0,340,0,280,Drug,RxNorm Extension,
44070964,OMOP1065595,varenicline 1.5 MG Oral Tablet,Clinical Drug,Standard,8/23/2017,12/30/2099,0,340,0,280,Drug,RxNorm Extension,
41146160,OMOP2344122,varenicline 1.5 MG Oral Tablet Box of 53,Clinical Drug Box,Standard,8/23/2017,12/30/2099,0,340,0,280,Drug,RxNorm Extension,
44124327,OMOP1118958,varenicline 1.5 MG Oral Tablet [Champix],Branded Drug,Standard,8/23/2017,12/30/2099,0,340,0,280,Drug,RxNorm Extension,
40995009,OMOP2192971,varenicline 1.5 MG Oral Tablet [Champix] Box of 53,Branded Drug Box,Standard,8/23/2017,12/30/2099,0,340,0,280,Drug,RxNorm Extension,
40851153,OMOP2049115,varenicline 1.5 MG Oral Tablet [Champix] Box of 53 by Cc,Marketed Product,Standard,8/23/2017,12/30/2099,340,340,280,280,Drug,RxNorm Extension,
44113430,OMOP1108061,varenicline 1.5 MG Oral Tablet [Champix] by Pfizer,Marketed Product,Standard,8/23/2017,12/30/2099,0,0,0,0,Drug,RxNorm Extension,
780445,636675,varenicline 1 MG,Clinical Drug Comp,Standard,7/8/2006,12/30/2099,"4,170","21,680,540","2,590","10,182,500",Drug,RxNorm,
21065807,OMOP262011,varenicline 1 MG [Champix],Branded Drug Comp,Standard,8/23/2017,12/30/2099,"2,050","262,720","1,470","90,490",Drug,RxNorm Extension,
19089147,637189,varenicline 1 MG [Chantix],Branded Drug Comp,Standard,7/8/2006,12/30/2099,"178,270","19,782,840","43,020","9,313,220",Drug,RxNorm,
43194150,OMOP485556,varenicline 1 MG Delayed Release Oral Tablet,Clinical Drug,Standard,8/23/2017,12/30/2099,0,"7,570",0,"5,730",Drug,RxNorm Extension,
40833735,OMOP2031697,varenicline 1 MG Delayed Release Oral Tablet Box of 112,Clinical Drug Box,Standard,8/23/2017,12/30/2099,0,50,0,40,Drug,RxNorm Extension,
35774971,OMOP2776432,varenicline 1 MG Delayed Release Oral Tablet Box of 14,Clinical Drug Box,Standard,8/23/2017,12/30/2099,0,0,0,0,Drug,RxNorm Extension,
36785903,OMOP4774179,varenicline 1 MG Delayed Release Oral Tablet Box of 140,Clinical Drug Box,Standard,8/31/2018,12/30/2099,0,0,0,0,Drug,RxNorm Extension,
43139117,OMOP485557,varenicline 1 MG Delayed Release Oral Tablet Box of 28,Clinical Drug Box,Standard,8/23/2017,12/30/2099,0,"6,600",0,"5,080",Drug,RxNorm Extension,
43183163,OMOP485558,varenicline 1 MG Delayed Release Oral Tablet Box of 56,Clinical Drug Box,Standard,8/23/2017,12/30/2099,0,920,0,610,Drug,RxNorm Extension,
43194151,OMOP485559,varenicline 1 MG Delayed Release Oral Tablet [Champix],Branded Drug,Standard,8/23/2017,12/30/2099,0,"7,570",0,"5,730",Drug,RxNorm Extension,
41026090,OMOP2224052,varenicline 1 MG Delayed Release Oral Tablet [Champix] Box of 112,Branded Drug Box,Standard,8/23/2017,12/30/2099,0,50,0,40,Drug,RxNorm Extension,
40975657,OMOP2173619,varenicline 1 MG Delayed Release Oral Tablet [Champix] Box of 112 by Cc,Marketed Product,Standard,8/23/2017,12/30/2099,50,50,40,40,Drug,RxNorm Extension,
35745929,OMOP2747390,varenicline 1 MG Delayed Release Oral Tablet [Champix] Box of 14,Branded Drug Box,Standard,8/23/2017,12/30/2099,0,0,0,0,Drug,RxNorm Extension,
36785902,OMOP4774178,varenicline 1 MG Delayed Release Oral Tablet [Champix] Box of 140,Branded Drug Box,Standard,8/31/2018,12/30/2099,0,0,0,0,Drug,RxNorm Extension,
36785901,OMOP4774177,varenicline 1 MG Delayed Release Oral Tablet [Champix] Box of 140 by Pfizer,Marketed Product,Standard,8/31/2018,12/30/2099,0,0,0,0,Drug,RxNorm Extension,
35742608,OMOP2744069,varenicline 1 MG Delayed Release Oral Tablet [Champix] Box of 14 by Mawdsley-Brooks,Marketed Product,Standard,8/23/2017,12/30/2099,0,0,0,0,Drug,RxNorm Extension,
35771977,OMOP2773438,varenicline 1 MG Delayed Release Oral Tablet [Champix] Box of 14 by Pfizer,Marketed Product,Standard,8/23/2017,12/30/2099,0,0,0,0,Drug,RxNorm Extension,
35755197,OMOP2756658,varenicline 1 MG Delayed Release Oral Tablet [Champix] Box of 14 by Sigma-Tau,Marketed Product,Standard,8/23/2017,12/30/2099,0,0,0,0,Drug,RxNorm Extension,
35746791,OMOP2748252,varenicline 1 MG Delayed Release Oral Tablet [Champix] Box of 14 by Waymade,Marketed Product,Standard,8/23/2017,12/30/2099,0,0,0,0,Drug,RxNorm Extension,
43183164,OMOP485561,varenicline 1 MG Delayed Release Oral Tablet [Champix] Box of 28,Branded Drug Box,Standard,8/23/2017,12/30/2099,0,"6,600",0,"5,080",Drug,RxNorm Extension,
41100853,OMOP2298815,varenicline 1 MG Delayed Release Oral Tablet [Champix] Box of 28 by Eurim-Pharm,Marketed Product,Standard,8/23/2017,12/30/2099,0,0,0,0,Drug,RxNorm Extension,
35750951,OMOP2752412,varenicline 1 MG Delayed Release Oral Tablet [Champix] Box of 28 by Mawdsley-Brooks,Marketed Product,Standard,8/23/2017,12/30/2099,0,0,0,0,Drug,RxNorm Extension,
41287787,OMOP2485749,varenicline 1 MG Delayed Release Oral Tablet [Champix] Box of 28 by Orifarm Leverkus,Marketed Product,Standard,8/23/2017,12/30/2099,0,0,0,0,Drug,RxNorm Extension,
43161257,OMOP485562,varenicline 1 MG Delayed Release Oral Tablet [Champix] Box of 28 by Pfizer,Marketed Product,Standard,8/23/2017,12/30/2099,"6,600","6,600","5,080","5,080",Drug,RxNorm Extension,
35771976,OMOP2773437,varenicline 1 MG Delayed Release Oral Tablet [Champix] Box of 28 by Sigma-Tau,Marketed Product,Standard,8/23/2017,12/30/2099,0,0,0,0,Drug,RxNorm Extension,
35771975,OMOP2773436,varenicline 1 MG Delayed Release Oral Tablet [Champix] Box of 28 by Waymade,Marketed Product,Standard,8/23/2017,12/30/2099,0,0,0,0,Drug,RxNorm Extension,
43194152,OMOP485563,varenicline 1 MG Delayed Release Oral Tablet [Champix] Box of 56,Branded Drug Box,Standard,8/23/2017,12/30/2099,0,920,0,610,Drug,RxNorm Extension,
40851154,OMOP2049116,varenicline 1 MG Delayed Release Oral Tablet [Champix] Box of 56 by Cc,Marketed Product,Standard,8/23/2017,12/30/2099,310,310,200,200,Drug,RxNorm Extension,
35755196,OMOP2756657,varenicline 1 MG Delayed Release Oral Tablet [Champix] Box of 56 by DE,Marketed Product,Standard,8/23/2017,12/30/2099,0,0,0,0,Drug,RxNorm Extension,
44185422,OMOP3062145,varenicline 1 MG Delayed Release Oral Tablet [Champix] Box of 56 by Eurim-Pharm,Marketed Product,Standard,10/5/2017,12/30/2099,610,610,410,410,Drug,RxNorm Extension,
40975658,OMOP2173620,varenicline 1 MG Delayed Release Oral Tablet [Champix] Box of 56 by Gerke,Marketed Product,Standard,8/23/2017,12/30/2099,0,0,0,0,Drug,RxNorm Extension,
35771974,OMOP2773435,varenicline 1 MG Delayed Release Oral Tablet [Champix] Box of 56 by Mawdsley-Brooks,Marketed Product,Standard,8/23/2017,12/30/2099,0,0,0,0,Drug,RxNorm Extension,
41256750,OMOP2454712,varenicline 1 MG Delayed Release Oral Tablet [Champix] Box of 56 by Orifarm Leverkus,Marketed Product,Standard,8/23/2017,12/30/2099,0,0,0,0,Drug,RxNorm Extension,
40944716,OMOP2142678,varenicline 1 MG Delayed Release Oral Tablet [Champix] Box of 56 by Pfizer,Marketed Product,Standard,8/23/2017,12/30/2099,0,0,0,0,Drug,RxNorm Extension,
35746790,OMOP2748251,varenicline 1 MG Delayed Release Oral Tablet [Champix] Box of 56 by Waymade,Marketed Product,Standard,8/23/2017,12/30/2099,0,0,0,0,Drug,RxNorm Extension,
35771978,OMOP2773439,varenicline 1 MG Delayed Release Oral Tablet [Champix] by DE,Marketed Product,Standard,8/23/2017,12/30/2099,0,0,0,0,Drug,RxNorm Extension,
35742609,OMOP2744070,varenicline 1 MG Delayed Release Oral Tablet [Champix] by Mawdsley-Brooks,Marketed Product,Standard,8/23/2017,12/30/2099,0,0,0,0,Drug,RxNorm Extension,
35750952,OMOP2752413,varenicline 1 MG Delayed Release Oral Tablet [Champix] by Pfizer,Marketed Product,Standard,8/23/2017,12/30/2099,0,0,0,0,Drug,RxNorm Extension,
35746793,OMOP2748254,varenicline 1 MG Delayed Release Oral Tablet [Champix] by Sigma-Tau,Marketed Product,Standard,8/23/2017,12/30/2099,0,0,0,0,Drug,RxNorm Extension,
35746792,OMOP2748253,varenicline 1 MG Delayed Release Oral Tablet [Champix] by Waymade,Marketed Product,Standard,8/23/2017,12/30/2099,0,0,0,0,Drug,RxNorm Extension,
44040628,OMOP1035259,varenicline 1 MG [Gd-Varenicline],Branded Drug Comp,Standard,8/23/2017,12/30/2099,0,0,0,0,Drug,RxNorm Extension,
780446,636676,varenicline 1 MG Oral Tablet,Clinical Drug,Standard,7/8/2006,12/30/2099,"1,155,040","21,488,480","454,910","10,129,690",Drug,RxNorm,
40958327,OMOP2156289,varenicline 1 MG Oral Tablet Box of 112,Clinical Drug Box,Standard,8/23/2017,12/30/2099,0,940,0,680,Drug,RxNorm Extension,
21046218,OMOP262012,varenicline 1 MG Oral Tablet Box of 14,Clinical Drug Box,Standard,8/23/2017,12/30/2099,0,0,0,0,Drug,RxNorm Extension,
36277419,OMOP3128294,varenicline 1 MG Oral Tablet Box of 140,Clinical Drug Box,Standard,9/30/2017,12/30/2099,0,"8,960",0,"7,010",Drug,RxNorm Extension,
21154282,OMOP262013,varenicline 1 MG Oral Tablet Box of 28,Clinical Drug Box,Standard,8/23/2017,12/30/2099,20,"1,220",10,830,Drug,RxNorm Extension,
21154283,OMOP262014,varenicline 1 MG Oral Tablet Box of 56,Clinical Drug Box,Standard,8/23/2017,12/30/2099,20,"3,490",10,"2,150",Drug,RxNorm Extension,
2914465,OMOP5131256,varenicline 1 MG Oral Tablet Box of 56 by APO,Marketed Product,Standard,6/29/2021,12/30/2099,0,0,0,0,Drug,RxNorm Extension,
2914466,OMOP5131257,varenicline 1 MG Oral Tablet Box of 56 by Apotex,Marketed Product,Standard,6/29/2021,12/30/2099,0,0,0,0,Drug,RxNorm Extension,
2914464,OMOP5131255,varenicline 1 MG Oral Tablet Box of 56 by Blooms The Chemist,Marketed Product,Standard,6/29/2021,12/30/2099,0,0,0,0,Drug,RxNorm Extension,
2914468,OMOP5131259,varenicline 1 MG Oral Tablet by APO,Marketed Product,Standard,6/29/2021,12/30/2099,0,0,0,0,Drug,RxNorm Extension,
2914469,OMOP5131260,varenicline 1 MG Oral Tablet by Apotex,Marketed Product,Standard,6/29/2021,12/30/2099,0,0,0,0,Drug,RxNorm Extension,
2914467,OMOP5131258,varenicline 1 MG Oral Tablet by Blooms The Chemist,Marketed Product,Standard,6/29/2021,12/30/2099,0,0,0,0,Drug,RxNorm Extension,
21085459,OMOP262016,varenicline 1 MG Oral Tablet [Champix],Branded Drug,Standard,8/23/2017,12/30/2099,"211,890","253,100","63,360","83,290",Drug,RxNorm Extension,
41244929,OMOP2442891,varenicline 1 MG Oral Tablet [Champix] Box of 112,Branded Drug Box,Standard,8/23/2017,12/30/2099,40,940,40,680,Drug,RxNorm Extension,
41100851,OMOP2298813,varenicline 1 MG Oral Tablet [Champix] Box of 112 by Cc,Marketed Product,Standard,8/23/2017,12/30/2099,0,0,0,0,Drug,RxNorm Extension,
41069368,OMOP2267330,varenicline 1 MG Oral Tablet [Champix] Box of 112 by Gerke,Marketed Product,Standard,8/23/2017,12/30/2099,0,0,0,0,Drug,RxNorm Extension,
41225864,OMOP2423826,varenicline 1 MG Oral Tablet [Champix] Box of 112 by Kohlpharma,Marketed Product,Standard,8/23/2017,12/30/2099,80,80,60,60,Drug,RxNorm Extension,
41132180,OMOP2330142,varenicline 1 MG Oral Tablet [Champix] Box of 112 by Pfizer,Marketed Product,Standard,8/23/2017,12/30/2099,820,820,580,580,Drug,RxNorm Extension,
21065809,OMOP262022,varenicline 1 MG Oral Tablet [Champix] Box of 14,Branded Drug Box,Standard,8/23/2017,12/30/2099,0,0,0,0,Drug,RxNorm Extension,
36275218,OMOP3126093,varenicline 1 MG Oral Tablet [Champix] Box of 140,Branded Drug Box,Standard,9/30/2017,12/30/2099,0,"8,960",0,"7,010",Drug,RxNorm Extension,
36260938,OMOP3111813,varenicline 1 MG Oral Tablet [Champix] Box of 140 by Pfizer,Marketed Product,Standard,9/30/2017,12/30/2099,"8,960","8,960","7,010","7,010",Drug,RxNorm Extension,
21055999,OMOP262023,varenicline 1 MG Oral Tablet [Champix] Box of 14 by Mawdsley-Brooks,Marketed Product,Standard,8/23/2017,12/30/2099,0,0,0,0,Drug,RxNorm Extension,
21124528,OMOP262024,varenicline 1 MG Oral Tablet [Champix] Box of 14 by Pfizer,Marketed Product,Standard,8/23/2017,12/30/2099,0,0,0,0,Drug,RxNorm Extension,
40736436,OMOP4720791,varenicline 1 MG Oral Tablet [Champix] Box of 14 by Sigma,Marketed Product,Standard,6/3/2018,12/30/2099,0,0,0,0,Drug,RxNorm Extension,
21026597,OMOP262025,varenicline 1 MG Oral Tablet [Champix] Box of 14 by Sigma-Tau,Marketed Product,Standard,8/23/2017,12/30/2099,0,0,0,0,Drug,RxNorm Extension,
21114923,OMOP262028,varenicline 1 MG Oral Tablet [Champix] Box of 14 by Waymade,Marketed Product,Standard,8/23/2017,12/30/2099,0,0,0,0,Drug,RxNorm Extension,
21026598,OMOP262029,varenicline 1 MG Oral Tablet [Champix] Box of 28,Branded Drug Box,Standard,8/23/2017,12/30/2099,0,"1,200",0,820,Drug,RxNorm Extension,
41256751,OMOP2454713,varenicline 1 MG Oral Tablet [Champix] Box of 28 by Eurim-Pharm,Marketed Product,Standard,8/23/2017,12/30/2099,150,150,110,110,Drug,RxNorm Extension,
41225865,OMOP2423827,varenicline 1 MG Oral Tablet [Champix] Box of 28 by Kohlpharma,Marketed Product,Standard,8/23/2017,12/30/2099,40,40,40,40,Drug,RxNorm Extension,
21065810,OMOP262030,varenicline 1 MG Oral Tablet [Champix] Box of 28 by Mawdsley-Brooks,Marketed Product,Standard,8/23/2017,12/30/2099,0,0,0,0,Drug,RxNorm Extension,
41038108,OMOP2236070,varenicline 1 MG Oral Tablet [Champix] Box of 28 by Orifarm Leverkus,Marketed Product,Standard,8/23/2017,12/30/2099,50,50,40,40,Drug,RxNorm Extension,
21095257,OMOP262031,varenicline 1 MG Oral Tablet [Champix] Box of 28 by Pfizer,Marketed Product,Standard,8/23/2017,12/30/2099,960,960,630,630,Drug,RxNorm Extension,
40736435,OMOP4720792,varenicline 1 MG Oral Tablet [Champix] Box of 28 by Sigma,Marketed Product,Standard,6/3/2018,12/30/2099,0,0,0,0,Drug,RxNorm Extension,
21065811,OMOP262032,varenicline 1 MG Oral Tablet [Champix] Box of 28 by Sigma-Tau,Marketed Product,Standard,8/23/2017,12/30/2099,0,0,0,0,Drug,RxNorm Extension,
21173867,OMOP262033,varenicline 1 MG Oral Tablet [Champix] Box of 28 by Waymade,Marketed Product,Standard,8/23/2017,12/30/2099,0,0,0,0,Drug,RxNorm Extension,
21124529,OMOP262034,varenicline 1 MG Oral Tablet [Champix] Box of 56,Branded Drug Box,Standard,8/23/2017,12/30/2099,110,"3,470",80,"2,140",Drug,RxNorm Extension,
41319211,OMOP2517173,varenicline 1 MG Oral Tablet [Champix] Box of 56 by Cc,Marketed Product,Standard,8/23/2017,12/30/2099,0,0,0,0,Drug,RxNorm Extension,
21065812,OMOP262039,varenicline 1 MG Oral Tablet [Champix] Box of 56 by DE,Marketed Product,Standard,8/23/2017,12/30/2099,0,0,0,0,Drug,RxNorm Extension,
41132181,OMOP2330143,varenicline 1 MG Oral Tablet [Champix] Box of 56 by Emra-Med,Marketed Product,Standard,8/23/2017,12/30/2099,160,160,120,120,Drug,RxNorm Extension,
41100854,OMOP2298816,varenicline 1 MG Oral Tablet [Champix] Box of 56 by Eurim-Pharm,Marketed Product,Standard,8/23/2017,12/30/2099,0,0,0,0,Drug,RxNorm Extension,
41100852,OMOP2298814,varenicline 1 MG Oral Tablet [Champix] Box of 56 by Gerke,Marketed Product,Standard,8/23/2017,12/30/2099,0,0,0,0,Drug,RxNorm Extension,
41007032,OMOP2204994,varenicline 1 MG Oral Tablet [Champix] Box of 56 by Kohlpharma,Marketed Product,Standard,8/23/2017,12/30/2099,130,130,100,100,Drug,RxNorm Extension,
21095258,OMOP262035,varenicline 1 MG Oral Tablet [Champix] Box of 56 by Mawdsley-Brooks,Marketed Product,Standard,8/23/2017,12/30/2099,0,0,0,0,Drug,RxNorm Extension,
41225863,OMOP2423825,varenicline 1 MG Oral Tablet [Champix] Box of 56 by Orifarm Leverkus,Marketed Product,Standard,8/23/2017,12/30/2099,170,170,110,110,Drug,RxNorm Extension,
21075746,OMOP262036,varenicline 1 MG Oral Tablet [Champix] Box of 56 by Pfizer,Marketed Product,Standard,8/23/2017,12/30/2099,"2,900","2,900","1,730","1,730",Drug,RxNorm Extension,
21075747,OMOP262037,varenicline 1 MG Oral Tablet [Champix] Box of 56 by Waymade,Marketed Product,Standard,8/23/2017,12/30/2099,0,0,0,0,Drug,RxNorm Extension,
21144364,OMOP262021,varenicline 1 MG Oral Tablet [Champix] by DE,Marketed Product,Standard,8/23/2017,12/30/2099,0,0,0,0,Drug,RxNorm Extension,
21065808,OMOP262017,varenicline 1 MG Oral Tablet [Champix] by Mawdsley-Brooks,Marketed Product,Standard,8/23/2017,12/30/2099,0,0,0,0,Drug,RxNorm Extension,
21075745,OMOP262018,varenicline 1 MG Oral Tablet [Champix] by Pfizer,Marketed Product,Standard,8/23/2017,12/30/2099,"26,640","26,640","9,280","9,280",Drug,RxNorm Extension,
40736437,OMOP4720790,varenicline 1 MG Oral Tablet [Champix] by Sigma,Marketed Product,Standard,6/3/2018,12/30/2099,0,0,0,0,Drug,RxNorm Extension,
21114922,OMOP262019,varenicline 1 MG Oral Tablet [Champix] by Sigma-Tau,Marketed Product,Standard,8/23/2017,12/30/2099,0,0,0,0,Drug,RxNorm Extension,
21173866,OMOP262020,varenicline 1 MG Oral Tablet [Champix] by Waymade,Marketed Product,Standard,8/23/2017,12/30/2099,0,0,0,0,Drug,RxNorm Extension,
19124311,637190,varenicline 1 MG Oral Tablet [Chantix],Branded Drug,Standard,7/8/2006,12/30/2099,"5,132,210","19,604,570","1,689,390","9,270,200",Drug,RxNorm,
44059623,OMOP1054254,varenicline 1 MG Oral Tablet [Gd-Varenicline],Branded Drug,Standard,8/23/2017,12/30/2099,0,0,0,0,Drug,RxNorm Extension,
44074691,OMOP1069322,varenicline 1 MG Oral Tablet [Gd-Varenicline] by Pfizer,Marketed Product,Standard,8/23/2017,12/30/2099,0,0,0,0,Drug,RxNorm Extension,
43183159,OMOP485543,varenicline Delayed Release Oral Tablet,Clinical Drug Form,Standard,8/23/2017,12/30/2099,0,"8,650",0,"6,660",Drug,RxNorm Extension,
43161256,OMOP485545,varenicline Delayed Release Oral Tablet [Champix],Branded Drug Form,Standard,8/23/2017,12/30/2099,400,"8,650",370,"6,660",Drug,RxNorm Extension,
702083,2572362,varenicline Inhalant Product,Clinical Dose Group,Classification,1/2/2022,12/30/2099,0,"121,180",0,"41,600",Drug,RxNorm,
702084,2572363,varenicline Nasal Product,Clinical Dose Group,Classification,1/2/2022,12/30/2099,0,"121,180",0,"41,600",Drug,RxNorm,
702085,2572364,varenicline Nasal Spray,Clinical Drug Form,Standard,1/2/2022,12/30/2099,0,"121,180",0,"41,600",Drug,RxNorm,
702091,2572370,varenicline Nasal Spray [Tyrvaya],Branded Drug Form,Standard,1/2/2022,12/30/2099,0,"119,330",0,"40,820",Drug,RxNorm,
36220537,1164567,varenicline Oral Product,Clinical Dose Group,Classification,7/31/2016,12/30/2099,0,"22,751,270",0,"10,857,640",Drug,RxNorm,
40133797,636670,varenicline Oral Tablet,Clinical Drug Form,Standard,7/8/2006,12/30/2099,"15,770","22,751,270","12,820","10,857,640",Drug,RxNorm,
21075744,OMOP261993,varenicline Oral Tablet [Champix],Branded Drug Form,Standard,8/23/2017,12/30/2099,"18,680","437,060","11,480","174,170",Drug,RxNorm Extension,
40133798,637187,varenicline Oral Tablet [Chantix],Branded Drug Form,Standard,7/8/2006,12/30/2099,"1,180","20,339,270",490,"9,664,170",Drug,RxNorm,
44030454,OMOP1025085,varenicline Oral Tablet [Gd-Varenicline],Branded Drug Form,Standard,8/23/2017,12/30/2099,0,0,0,0,Drug,RxNorm Extension,
36220538,1164568,varenicline Pill,Clinical Dose Group,Classification,7/31/2016,12/30/2099,0,"22,751,270",0,"10,857,640",Drug,RxNorm,
