Id,Name,value_as_concept_name,value_as_concept_id,Domain,non-smoker,former smoker,current smoker,cigarette,e-cigarette,cigar,hookah,smokeless,intensity daily,pack-years,duration
903651,Currently doesn't use tobacco or its derivatives,null,null,Observation,0,1,0,,,,,,Note: Trival: <1 Light: 1-9 Moderate: 10-19 Heavy: 20-39 Very heavy: 40+,,
903651,Currently doesn't use tobacco or its derivatives,Currently doesn't use tobacco or its derivatives,903651,Observation,0,1,0,,,,,,,,
903651,Currently doesn't use tobacco or its derivatives,Ex-smoker,4310250,Observation,0,1,0,,,,,,,,
903651,Currently doesn't use tobacco or its derivatives,No matching concept,0,Observation,0,1,0,,,,,,,,
903651,Currently doesn't use tobacco or its derivatives,Ex-tobacco user,45765917,Observation,0,1,0,,,,,,,,
903651,Currently doesn't use tobacco or its derivatives,History of tobacco use,43530634,Observation,0,1,0,,,,,,,,
903651,Currently doesn't use tobacco or its derivatives,History of smoking,46274087,Observation,0,1,0,,,,,,,,
903651,Currently doesn't use tobacco or its derivatives,Ex-cigarette smoker,4092281,Observation,0,1,0,1,,,,,,,
903651,Currently doesn't use tobacco or its derivatives,Stopped smoking,4052032,Observation,0,1,0,,,,,,,,
903651,Currently doesn't use tobacco or its derivatives,Ex-cigar smoker,4052949,Observation,0,1,0,,,1,,,,,
903651,Currently doesn't use tobacco or its derivatives,Former heavy tobacco smoker,762500,Observation,0,1,0,,,,,,heavy,,
903651,Currently doesn't use tobacco or its derivatives,Former light tobacco smoker,762501,Observation,0,1,0,,,,,,light,,
903651,Currently doesn't use tobacco or its derivatives,Ex-smoker for less than 1 year,42536346,Observation,0,1,0,,,,,,,,
903651,Currently doesn't use tobacco or its derivatives,Ex-light cigarette smoker (1-9/day),4145798,Observation,0,1,0,1,,,,,light,,
903651,Currently doesn't use tobacco or its derivatives,Non-smoker,4222303,Observation,0,1,0,,,,,,,,
903651,Currently doesn't use tobacco or its derivatives,Ex-heavy cigarette smoker (20-39/day),4141783,Observation,0,1,0,1,,,,,heavy,,
903651,Currently doesn't use tobacco or its derivatives,Ex-smoker for more than 1 year,46270534,Observation,0,1,0,,,,,,,,
903651,Currently doesn't use tobacco or its derivatives,Ex-trivial cigarette smoker (<1/day),4148415,Observation,0,1,0,1,,,,,trival,,
903651,Currently doesn't use tobacco or its derivatives,Ex-very heavy cigarette smoker (40+/day),4141784,Observation,0,1,0,1,,,,,very heavy,,
903651,Currently doesn't use tobacco or its derivatives,Ex-moderate cigarette smoker (10-19/day),4141782,Observation,0,1,0,1,,,,,moderate,,
903651,Currently doesn't use tobacco or its derivatives,Tobacco non-user,764150,Observation,0,1,0,,,,,,,,
903651,Currently doesn't use tobacco or its derivatives,Final diagnosis (discharge),4230359,Observation,0,1,0,,,,,,,,
903651,Currently doesn't use tobacco or its derivatives,Aggressive ex-smoker,4232375,Observation,0,1,0,,,,,,,,
903651,Currently doesn't use tobacco or its derivatives,Current non-smoker,4052464,Observation,0,1,0,,,,,,,,
903652,Findings of tobacco or its derivatives use or exposure,No matching concept,0,Observation,0,0,0,,,,,,,,
903652,Findings of tobacco or its derivatives use or exposure,Tobacco consumption unknown,4052031,Observation,0,0,0,,,,,,,,
903652,Findings of tobacco or its derivatives use or exposure,Never smoked tobacco,4144272,Observation,1,0,0,,,,,,,,
903652,Findings of tobacco or its derivatives use or exposure,No,45878245,Observation,1,0,0,,,,,,,,
903652,Findings of tobacco or its derivatives use or exposure,Never used tobacco,45765920,Observation,1,0,0,,,,,,,,
903652,Findings of tobacco or its derivatives use or exposure,Ex-smoker,4310250,Observation,0,1,0,,,,,,,,
903652,Findings of tobacco or its derivatives use or exposure,null,null,Observation,0,0,0,,,,,,,,
903652,Findings of tobacco or its derivatives use or exposure,Non-smoker,4222303,Observation,1,0,0,,,,,,,,
903652,Findings of tobacco or its derivatives use or exposure,Does not chew tobacco,4036559,Observation,0,0,0,,,,,,,,
903652,Findings of tobacco or its derivatives use or exposure,Smokeless tobacco non-user,764151,Observation,0,0,0,,,,,,,,
903652,Findings of tobacco or its derivatives use or exposure,Tobacco smoking consumption unknown,4141786,Observation,0,0,0,,,,,,,,
903652,Findings of tobacco or its derivatives use or exposure,Cigarette smoker,4276526,Observation,0,0,1,1,,,,,,,
903652,Findings of tobacco or its derivatives use or exposure,Smokes tobacco daily,42709996,Observation,0,0,1,,,,,,,,
903652,Findings of tobacco or its derivatives use or exposure,Stopped smoking,4052032,Observation,0,1,0,,,,,,,,
903652,Findings of tobacco or its derivatives use or exposure,Ex-tobacco user,45765917,Observation,0,1,0,,,,,,,,
903652,Findings of tobacco or its derivatives use or exposure,Tobacco user,4005823,Observation,0,0,1,,,,,,,,
903652,Findings of tobacco or its derivatives use or exposure,Never,45876662,Observation,1,0,0,,,,,,,,
903652,Findings of tobacco or its derivatives use or exposure,Patient not asked,46273465,Observation,0,0,0,,,,,,,,
903652,Findings of tobacco or its derivatives use or exposure,Yes,45877994,Observation,0,0,1,,,,,,,,
903652,Findings of tobacco or its derivatives use or exposure,Smoker,4298794,Observation,0,0,1,,,,,,,,
903652,Findings of tobacco or its derivatives use or exposure,Unknown,44814653,Observation,0,0,0,,,,,,,,
903652,Findings of tobacco or its derivatives use or exposure,Occasional tobacco smoker,37395605,Observation,0,0,1,,,,,,,,
903652,Findings of tobacco or its derivatives use or exposure,No information,44814650,Observation,0,0,0,,,,,,,,
903652,Findings of tobacco or its derivatives use or exposure,Former smokeless tobacco user,764567,Observation,0,1,0,,,,,1,,,
903652,Findings of tobacco or its derivatives use or exposure,Cigar smoker,4246415,Observation,0,0,1,,,1,,,,,
903652,Findings of tobacco or its derivatives use or exposure,Findings of tobacco or its derivatives use or exposure,903652,Observation,0,0,0,,,,,,,,
903652,Findings of tobacco or its derivatives use or exposure,Occasional cigarette smoker,4044775,Observation,0,0,1,1,,,,,,,
903652,Findings of tobacco or its derivatives use or exposure,User of smokeless tobacco,37017610,Observation,0,0,1,,,,,1,,,
903652,Findings of tobacco or its derivatives use or exposure,Passive smoker,4184633,Observation,1,0,0,,,,,,,,
903652,Findings of tobacco or its derivatives use or exposure,Environmental tobacco smoke exposure,37017812,Observation,1,0,0,,,,,,,,
903652,Findings of tobacco or its derivatives use or exposure,Chews tobacco,4218741,Observation,0,0,1,,,,,1,,,
903652,Findings of tobacco or its derivatives use or exposure,Non-smoker's second hand smoke syndrome,4030580,Observation,1,0,0,,,,,,,,
903652,Findings of tobacco or its derivatives use or exposure,Light tobacco smoker,762498,Observation,0,0,1,,,,,,light,,
903652,Findings of tobacco or its derivatives use or exposure,Pipe smoker,4218917,Observation,0,0,1,,,,,,,,
903652,Findings of tobacco or its derivatives use or exposure,Electronic cigarette user,36716478,Observation,0,0,1,,1,,,,,,
903652,Findings of tobacco or its derivatives use or exposure,Moderate smoker (20 or less per day),4209585,Observation,0,0,1,,,,,,moderate,,
903652,Findings of tobacco or its derivatives use or exposure,Finding of tobacco use and exposure,4268843,Observation,0,0,0,,,,,,,,
903652,Findings of tobacco or its derivatives use or exposure,Not interested in stopping smoking,4216174,Observation,0,0,1,,,,,,,,
903652,Findings of tobacco or its derivatives use or exposure,Heavy tobacco smoker,762499,Observation,0,0,1,,,,,,heavy,,
903652,Findings of tobacco or its derivatives use or exposure,Ready to stop smoking,4215409,Observation,0,0,1,,,,,,,,
903652,Findings of tobacco or its derivatives use or exposure,Final diagnosis (discharge),4230359,Observation,0,0,0,,,,,,,,
903652,Findings of tobacco or its derivatives use or exposure,Chain smoker,4044778,Observation,0,0,1,1,,,,,,,
903652,Findings of tobacco or its derivatives use or exposure,Tolerant non-smoker,4227889,Observation,1,0,0,,,,,,,,
903652,Findings of tobacco or its derivatives use or exposure,No known exposure to tobacco smoke,46273081,Observation,1,0,0,,,,,,,,
903652,Findings of tobacco or its derivatives use or exposure,null,2000000039,Observation,0,0,0,,,,,,,,
903652,Findings of tobacco or its derivatives use or exposure,Tobacco use and exposure,4041306,Observation,0,0,0,,,,,,,,
903652,Findings of tobacco or its derivatives use or exposure,Finding relating to tobacco chewing,4043058,Observation,0,0,0,,,,,1,,,
903652,Findings of tobacco or its derivatives use or exposure,Smoking started,4141787,Observation,0,0,1,,,,,,,,
903652,Findings of tobacco or its derivatives use or exposure,Tobacco smoking behavior - finding,4275495,Observation,0,0,0,,,,,,,,
903652,Findings of tobacco or its derivatives use or exposure,Current non-smoker,4052464,Observation,0,1,0,,,,,,,,
903652,Findings of tobacco or its derivatives use or exposure,Tobacco smoking consumption - finding,4269997,Observation,0,0,0,,,,,,,,
903652,Findings of tobacco or its derivatives use or exposure,Snuff use - finding,4269998,Observation,0,0,0,,,,,1,,,
903652,Findings of tobacco or its derivatives use or exposure,Current,4034855,Observation,0,0,1,,,,,,,,
903652,Findings of tobacco or its derivatives use or exposure,Thinking about stopping smoking,4190573,Observation,0,0,1,,,,,,,,
903652,Findings of tobacco or its derivatives use or exposure,Trying to give up smoking,4058137,Observation,0,0,1,,,,,,,,
903652,Findings of tobacco or its derivatives use or exposure,History of exposure to second hand smoke,44782985,Observation,0,0,0,,,,,,,,
903652,Findings of tobacco or its derivatives use or exposure,Nicotine dependence,4209423,Observation,0,0,1,,,,,,,,
903652,Findings of tobacco or its derivatives use or exposure,Ex-cigarette smoker,4092281,Observation,0,1,0,1,,,,,,,
903652,Findings of tobacco or its derivatives use or exposure,Ex-cigarette smoker amount unknown,4148416,Observation,0,1,0,1,,,,,,,
903652,Findings of tobacco or its derivatives use or exposure,Ex-cigar smoker,4052949,Observation,0,1,0,,,1,,,,,
903652,Findings of tobacco or its derivatives use or exposure,Does not use moist powdered tobacco,4043055,Observation,0,0,0,,,,,,,,
903652,Findings of tobacco or its derivatives use or exposure,Ex-tobacco chewer,4043059,Observation,0,1,0,,,,,,,,
903652,Findings of tobacco or its derivatives use or exposure,Nicotine-filled electronic cigarette user,37203948,Observation,0,0,1,,1,,,,,,
903652,Findings of tobacco or its derivatives use or exposure,Light cigarette smoker,4042037,Observation,0,0,1,1,,,,,light,,
903652,Findings of tobacco or its derivatives use or exposure,Trivial cigarette smoker (less than one cigarette/day),4144273,Observation,0,0,1,1,,,,,trivial,,
903652,Findings of tobacco or its derivatives use or exposure,Light cigarette smoker (1-9 cigs/day),4052029,Observation,0,0,1,1,,,,,light,,
903652,Findings of tobacco or its derivatives use or exposure,Chews products containing tobacco,4038738,Observation,0,0,1,,,,,1,,,
903652,Findings of tobacco or its derivatives use or exposure,Moderate cigarette smoker (10-19 cigs/day),4052030,Observation,0,0,1,1,,,,,moderate,,
903652,Findings of tobacco or its derivatives use or exposure,Ex-light cigarette smoker (1-9/day),4145798,Observation,0,1,1,1,,,,,light,,
903652,Findings of tobacco or its derivatives use or exposure,Exposed to tobacco smoke at home,4038739,Observation,1,0,0,,,,,,,,
903652,Findings of tobacco or its derivatives use or exposure,Very heavy cigarette smoker,4044777,Observation,0,0,1,1,,,,,very heavy,,
903652,Findings of tobacco or its derivatives use or exposure,Ex-moderate cigarette smoker (10-19/day),4141782,Observation,0,1,0,1,,,,,moderate,,
903652,Findings of tobacco or its derivatives use or exposure,Smokes drugs,4042892,Observation,0,0,0,,,,,,,,
903652,Findings of tobacco or its derivatives use or exposure,Smoker in home,36716991,Observation,0,0,1,,,,,,,,
903652,Findings of tobacco or its derivatives use or exposure,Tobacco dependence syndrome,437264,Observation,0,0,1,,,,,,,,
903652,Findings of tobacco or its derivatives use or exposure,Nicotine user,36716473,Observation,0,0,1,,,,,,,,
903652,Findings of tobacco or its derivatives use or exposure,Heavy cigarette smoker,4041511,Observation,0,0,1,1,,,,,heavy,,
903652,Findings of tobacco or its derivatives use or exposure,Ex-heavy cigarette smoker (20-39/day),4141783,Observation,0,1,0,1,,,,,heavy,,
903652,Findings of tobacco or its derivatives use or exposure,Nicotine replacement therapy,4197592,Observation,0,1,0,,,,,,,,
903652,Findings of tobacco or its derivatives use or exposure,H/O: drug dependency,4058715,Observation,0,0,0,,,,,,,,
903652,Findings of tobacco or its derivatives use or exposure,Tobacco usage screening,4062492,Observation,0,0,0,,,,,,,,
903652,Findings of tobacco or its derivatives use or exposure,Ex-very heavy cigarette smoker (40+/day),4141784,Observation,0,1,0,1,,,,,very heavy,,
903652,Findings of tobacco or its derivatives use or exposure,Ex-smoker for more than 1 year,46270534,Observation,0,1,0,,,,,,,,
903653,Never used tobacco or its derivatives,null,null,Observation,1,0,0,,,,,,,,
903653,Never used tobacco or its derivatives,No matching concept,0,Observation,1,0,0,,,,,,,,
903653,Never used tobacco or its derivatives,Never smoked tobacco,4144272,Observation,1,0,0,,,,,,,,
903653,Never used tobacco or its derivatives,Never used tobacco,45765920,Observation,1,0,0,,,,,,,,
903653,Never used tobacco or its derivatives,Never used tobacco or its derivatives,903653,Observation,1,0,0,,,,,,,,
903654,Tobacco or its derivatives user,Never used tobacco,45765920,Observation,1,0,0,,,,,,,,
903654,Tobacco or its derivatives user,No matching concept,0,Observation,0,0,0,,,,,,,,
903654,Tobacco or its derivatives user,null,null,Observation,0,0,0,,,,,,,,
903654,Tobacco or its derivatives user,Tobacco or its derivatives user,903654,Observation,0,0,1,,,,,,,,
903654,Tobacco or its derivatives user,Never,45876662,Observation,1,0,0,,,,,,,,
903654,Tobacco or its derivatives user,Ex-tobacco user,45765917,Observation,0,1,0,,,,,,,,
903654,Tobacco or its derivatives user,Other,44814649,Observation,0,0,1,,,,,,,,
903654,Tobacco or its derivatives user,Quitting smoking,36308417,Observation,0,0,1,,,,,,,,
903654,Tobacco or its derivatives user,Tobacco user,4005823,Observation,0,0,1,,,,,,,,
903654,Tobacco or its derivatives user,Tobacco use,35225271,Observation,0,0,1,,,,,,,,
903654,Tobacco or its derivatives user,Yes,45877994,Observation,0,0,1,,,,,,,,
903654,Tobacco or its derivatives user,Non-smoker's second hand smoke syndrome,4030580,Observation,1,0,0,,,,,,,,
903654,Tobacco or its derivatives user,null,2000000040,Observation,0,0,0,,,,,,,,
903654,Tobacco or its derivatives user,Not asked,45882295,Observation,0,0,0,,,,,,,,
903654,Tobacco or its derivatives user,Yes,4188539,Observation,0,0,1,,,,,,,,
903654,Tobacco or its derivatives user,Passive smoker,4184633,Observation,1,0,0,,,,,,,,
903654,Tobacco or its derivatives user,"Smoking (tobacco) complicating pregnancy, unspecified trimester",45577675,Observation,0,0,1,,,,,,,,
903654,Tobacco or its derivatives user,"Smoking (tobacco) complicating pregnancy, third trimester",45534323,Observation,0,0,1,,,,,,,,
903654,Tobacco or its derivatives user,Tobacco use in mother complicating childbirth,45757177,Observation,0,0,1,,,,,,,,
903654,Tobacco or its derivatives user,"Smoking (tobacco) complicating pregnancy, second trimester",45568007,Observation,0,0,1,,,,,,,,
903654,Tobacco or its derivatives user,"Smoking (tobacco) complicating pregnancy, first trimester",45606676,Observation,0,0,1,,,,,,,,
903654,Tobacco or its derivatives user,"Tobacco use disorder complicating pregnancy, childbirth, or the puerperium, antepartum condition or complication",44819867,Observation,0,0,1,,,,,,,,
903654,Tobacco or its derivatives user,"Tobacco use disorder complicating pregnancy, childbirth, or the puerperium, unspecified as to episode of care or not applicable",44832537,Observation,0,0,1,,,,,,,,
903654,Tobacco or its derivatives user,Nicotine user,36716473,Observation,0,0,1,,,,,,,,
903654,Tobacco or its derivatives user,Maternal tobacco use in pregnancy,42534813,Observation,0,0,1,,,,,,,,
903654,Tobacco or its derivatives user,Smoking (tobacco) complicating childbirth,45534324,Observation,0,0,1,,,,,,,,
903654,Tobacco or its derivatives user,Final diagnosis (discharge),4230359,Observation,0,0,1,,,,,,,,
903654,Tobacco or its derivatives user,No information,44814650,Observation,0,0,0,,,,,,,,
903654,Tobacco or its derivatives user,Tobacco use in mother complicating pregnancy,764196,Observation,0,0,1,,,,,,,,
903654,Tobacco or its derivatives user,Smoking (tobacco) complicating the puerperium,45606677,Observation,0,0,1,,,,,,,,
903654,Tobacco or its derivatives user,Nicotine dependence with current use,37110445,Observation,0,0,1,,,,,,,,
903654,Tobacco or its derivatives user,"Tobacco use disorder complicating pregnancy, childbirth, or the puerperium, postpartum condition or complication",44837247,Observation,0,0,1,,,,,,,,
903654,Tobacco or its derivatives user,"Tobacco use disorder complicating pregnancy, childbirth, or the puerperium, delivered, with or without mention of antepartum condition",44831391,Observation,0,0,1,,,,,,,,
903655,Electronic cigarette smoker,null,null,Observation,0,0,1,,1,,,,,,
903655,Electronic cigarette smoker,null,722499006,Observation,0,0,1,,1,,,,,,
903655,Electronic cigarette smoker,Electronic cigarette user,36716478,Observation,0,0,1,,1,,,,,,
903655,Electronic cigarette smoker,Nicotine-filled electronic cigarette user,37203948,Observation,0,0,1,,1,,,,,,
903655,Electronic cigarette smoker,Final diagnosis (discharge),4230359,Observation,0,0,1,,1,,,,,,
903655,Electronic cigarette smoker,Electronic cigarette smoker,903655,Observation,0,0,1,,1,,,,,,
903656,Passive smoker,null,null,Observation,1,0,0,,,,,,,,
903656,Passive smoker,No matching concept,0,Observation,1,0,0,,,,,,,,
903656,Passive smoker,Passive smoker,903656,Observation,1,0,0,,,,,,,,
903656,Passive smoker,Contact with and (suspected) exposure to environmental tobacco smoke (acute) (chronic),45552107,Observation,1,0,0,,,,,,,,
903656,Passive smoker,Yes,4188539,Observation,1,0,0,,,,,,,,
903656,Passive smoker,Environmental tobacco smoke exposure,37017812,Observation,1,0,0,,,,,,,,
903656,Passive smoker,Final diagnosis (discharge),4230359,Observation,1,0,0,,,,,,,,
903656,Passive smoker,Second hand tobacco smoke,44834168,Observation,1,0,0,,,,,,,,
903656,Passive smoker,Exposure to (parental) (environmental) tobacco smoke in the perinatal period,45568046,Observation,1,0,0,,,,,,,,
903656,Passive smoker,Exposed to tobacco smoke at home,4038739,Observation,1,0,0,,,,,,,,
903656,Passive smoker,Passive smoker,4184633,Observation,1,0,0,,,,,,,,
903656,Passive smoker,Exposure to second hand tobacco smoke,37109031,Observation,1,0,0,,,,,,,,
903656,Passive smoker,Occupational exposure to environmental tobacco smoke,45537659,Observation,1,0,0,,,,,,,,
903656,Passive smoker,Occupational exposure to environmental tobacco smoke,42535213,Observation,1,0,0,,,,,,,,
903656,Passive smoker,At increased risk from passive smoking,37018706,Observation,1,0,0,,,,,,,,
903657,Cigarette smoker,null,null,Observation,0,0,1,1,,,,,,,
903657,Cigarette smoker,No matching concept,0,Observation,0,0,1,1,,,,,,,
903657,Cigarette smoker,Cigarette smoker,903657,Observation,0,0,1,1,,,,,,,
903657,Cigarette smoker,Cigarette smoker,4276526,Observation,0,0,1,1,,,,,,,
903657,Cigarette smoker,"Nicotine dependence, cigarettes, uncomplicated",45562025,Observation,0,0,1,1,,,,,,,
903657,Cigarette smoker,Cigar smoker,4246415,Observation,0,0,1,1,,,,,,,
903657,Cigarette smoker,Pipe smoker,4218917,Observation,0,0,1,1,,,,,,,
903657,Cigarette smoker,Chews tobacco,4218741,Observation,0,0,1,1,,,,,,,
903657,Cigarette smoker,Smoker,4298794,Observation,0,0,1,1,,,,,,,
903657,Cigarette smoker,"Nicotine dependence, cigarettes, in remission",45576521,Observation,0,0,1,1,,,,,,,
903657,Cigarette smoker,"Nicotine dependence, cigarettes, with unspecified nicotine-induced disorders",45595885,Observation,0,0,1,1,,,,,,,
903657,Cigarette smoker,Snuff tobacco,4218197,Observation,0,0,1,1,,,,,,,
903657,Cigarette smoker,"Nicotine dependence, cigarettes, with withdrawal",45591116,Observation,0,0,1,1,,,,,,,
903657,Cigarette smoker,"Nicotine dependence, cigarettes, with other nicotine-induced disorders",45542821,Observation,0,0,1,1,,,,,,,
903657,Cigarette smoker,Tobacco dependence caused by cigarettes,37109023,Observation,0,0,1,1,,,,,,,
903657,Cigarette smoker,Yes,4188539,Observation,0,0,1,1,,,,,,,
903657,Cigarette smoker,Smokes tobacco daily,42709996,Observation,0,0,1,1,,,,,,,
903657,Cigarette smoker,"Nicotine dependence, cigarettes",1568179,Observation,0,0,1,1,,,,,,,
903657,Cigarette smoker,Final diagnosis (discharge),4230359,Observation,0,0,1,1,,,,,,,
903657,Cigarette smoker,Occasional tobacco smoker,37395605,Observation,0,0,1,1,,,,,,,
903657,Cigarette smoker,Continuous dependence on cigarette smoking,765451,Observation,0,0,1,1,,,,,,,
903657,Cigarette smoker,Tobacco smoking in mother complicating pregnancy,764199,Observation,0,0,1,1,,,,,,,
903657,Cigarette smoker,Occasional cigarette smoker,4044775,Observation,0,0,1,1,,,,,,,
903657,Cigarette smoker,Smoker in home,36716991,Observation,0,0,1,1,,,,,,,
903658,Trivial cigarette smoker (0-1 cigarettes per day),null,null,Observation,0,0,1,1,,,,,trival,,
903659,Light cigarette smoker (1-9 cigarettes per day),null,null,Observation,0,0,1,1,,,,,light,,
903659,Light cigarette smoker (1-9 cigarettes per day),Light cigarette smoker (1-9 cigarettes per day),903659,Observation,0,0,1,1,,,,,,,
903659,Light cigarette smoker (1-9 cigarettes per day),No matching concept,0,Observation,0,0,1,1,,,,,,,
903659,Light cigarette smoker (1-9 cigarettes per day),Light cigarette smoker,4042037,Observation,0,0,1,1,,,,,,,
903659,Light cigarette smoker (1-9 cigarettes per day),Light cigarette smoker (1-9 cigs/day),4052029,Observation,0,0,1,1,,,,,,,
903659,Light cigarette smoker (1-9 cigarettes per day),Light tobacco smoker,762498,Observation,0,0,1,1,,,,,,,
903659,Light cigarette smoker (1-9 cigarettes per day),Cigarette smoker (1-4 cigarettes/day),764104,Observation,0,0,1,1,,,,,,,
903660,Moderate cigarette smoker (10-19 cigarettes per day),null,null,Observation,0,0,1,1,,,,,moderate,,
903660,Moderate cigarette smoker (10-19 cigarettes per day),Moderate cigarette smoker (10-19 cigarettes per day),903660,Observation,0,0,1,1,,,,,,,
903660,Moderate cigarette smoker (10-19 cigarettes per day),Moderate smoker (20 or less per day),4209585,Observation,0,0,1,1,,,,,,,
903660,Moderate cigarette smoker (10-19 cigarettes per day),Moderate cigarette smoker (10-19 cigs/day),4052030,Observation,0,0,1,1,,,,,,,
903660,Moderate cigarette smoker (10-19 cigarettes per day),No matching concept,0,Observation,0,0,1,1,,,,,,,
903660,Moderate cigarette smoker (10-19 cigarettes per day),Moderate cigarette smoker,4044776,Observation,0,0,1,1,,,,,,,
903660,Moderate cigarette smoker (10-19 cigarettes per day),Final diagnosis (discharge),4230359,Observation,0,0,1,1,,,,,,,
903661,Heavy cigarette smoker (20-39 cigarettes per day),null,null,Observation,0,0,1,1,,,,,heavy,,
903661,Heavy cigarette smoker (20-39 cigarettes per day),Heavy cigarette smoker (20-39 cigarettes per day),903661,Observation,0,0,1,1,,,,,,,
903661,Heavy cigarette smoker (20-39 cigarettes per day),Heavy tobacco smoker,762499,Observation,0,0,1,1,,,,,,,
903661,Heavy cigarette smoker (20-39 cigarettes per day),No matching concept,0,Observation,0,0,1,1,,,,,,,
903661,Heavy cigarette smoker (20-39 cigarettes per day),Heavy cigarette smoker,4041511,Observation,0,0,1,1,,,,,,,
903661,Heavy cigarette smoker (20-39 cigarettes per day),Heavy cigarette smoker (20-39 cigs/day),4052947,Observation,0,0,1,1,,,,,,,
903661,Heavy cigarette smoker (20-39 cigarettes per day),Heavy smoker (over 20 per day),4209006,Observation,0,0,1,1,,,,,,,
903662,Very heavy cigarette smoker (more or equal to 40 cigarettes per day),null,null,Observation,0,0,1,1,,,,,very heavy,,
903662,Very heavy cigarette smoker (more or equal to 40 cigarettes per day),Very heavy cigarette smoker (40+ cigs/day),4058136,Observation,0,0,1,1,,,,,,,
903662,Very heavy cigarette smoker (more or equal to 40 cigarettes per day),Very heavy cigarette smoker,4044777,Observation,0,0,1,1,,,,,,,
903662,Very heavy cigarette smoker (more or equal to 40 cigarettes per day),No matching concept,0,Observation,0,0,1,1,,,,,,,
903662,Very heavy cigarette smoker (more or equal to 40 cigarettes per day),Very heavy cigarette smoker (more or equal to 40 cigarettes per day),903662,Observation,0,0,1,1,,,,,,,
903663,Pipe smoker,null,null,Observation,0,0,1,,,,,,,,
903663,Pipe smoker,Pipe smoker,903663,Observation,0,0,1,,,,,,,,
903663,Pipe smoker,Pipe smoker,4218917,Observation,0,0,1,,,,,,,,
903664,Cigar smoker,null,null,Observation,0,0,1,,,1,,,,,
903664,Cigar smoker,Cigar smoker,903664,Observation,0,0,1,,,1,,,,,
903664,Cigar smoker,Cigar smoker,4246415,Observation,0,0,1,,,1,,,,,
903664,Cigar smoker,No matching concept,0,Observation,0,0,1,,,1,,,,,
903665,Hookah smoker,null,null,Observation,0,0,1,,,,1,,,,
903665,Hookah smoker,No matching concept,0,Observation,0,0,1,,,,1,,,,
903665,Hookah smoker,Hookah smoker,903665,Observation,0,0,1,,,,1,,,,
903665,Hookah smoker,Hookah pipe smoker,44784248,Observation,0,0,1,,,,1,,,,
903666,Smokeless tobacco user,Never,45876662,Observation,1,0,0,,,,,1,,,
903666,Smokeless tobacco user,Unknown,45877986,Observation,0,0,0,,,,,1,,,
903666,Smokeless tobacco user,Former user,36307819,Observation,0,1,0,,,,,1,,,
903666,Smokeless tobacco user,Current smoker,36309332,Observation,0,0,1,,,,,1,,,
903666,Smokeless tobacco user,null,null,Observation,0,0,0,,,,,1,,,
903666,Smokeless tobacco user,User of smokeless tobacco,37017610,Observation,0,0,1,,,,,1,,,
903666,Smokeless tobacco user,Smokeless tobacco user,903666,Observation,0,0,1,,,,,1,,,
903666,Smokeless tobacco user,No matching concept,0,Observation,0,0,0,,,,,1,,,
903667,Chewing tobacco user,null,null,Observation,0,0,1,,,,,1,,,
903667,Chewing tobacco user,No matching concept,0,Observation,0,0,1,,,,,1,,,
903667,Chewing tobacco user,Chewing tobacco user,903667,Observation,0,0,1,,,,,1,,,
903667,Chewing tobacco user,Chews tobacco,4218741,Observation,0,0,1,,,,,1,,,
903667,Chewing tobacco user,"Nicotine dependence, chewing tobacco, uncomplicated",45586220,Observation,0,0,1,,,,,1,,,
903667,Chewing tobacco user,"Nicotine dependence, chewing tobacco, with unspecified nicotine-induced disorders",45571742,Observation,0,0,1,,,,,1,,,
903667,Chewing tobacco user,"Nicotine dependence, chewing tobacco, in remission",45605476,Observation,0,0,1,,,,,1,,,
903667,Chewing tobacco user,"Nicotine dependence, chewing tobacco, with withdrawal",45566810,Observation,0,0,1,,,,,1,,,
903667,Chewing tobacco user,"Nicotine dependence, chewing tobacco, with other nicotine-induced disorders",45552453,Observation,0,0,1,,,,,1,,,
903667,Chewing tobacco user,Tobacco dependence caused by chewing tobacco,37109024,Observation,0,0,1,,,,,1,,,
903667,Chewing tobacco user,Yes,4188539,Observation,0,0,1,,,,,1,,,
903667,Chewing tobacco user,"Nicotine dependence, chewing tobacco",45591117,Observation,0,0,1,,,,,1,,,
903667,Chewing tobacco user,Continuous dependence on chewing tobacco,764468,Observation,0,0,1,,,,,1,,,
903668,Snuff user,null,null,Observation,0,0,1,,,,,1,,,
903668,Snuff user,Snuff user,4043053,Observation,0,0,1,,,,,1,,,
903668,Snuff user,No matching concept,0,Observation,0,0,1,,,,,1,,,
903668,Snuff user,Snuff user,903668,Observation,0,0,1,,,,,1,,,
903669,Moist tobacco user,null,null,Observation,0,0,1,,,,,1,,,
903669,Moist tobacco user,Moist tobacco user,903669,Observation,0,0,1,,,,,1,,,
3004518,Cigarettes smoked current (pack per day) - Reported,null,null,Observation,0,0,1,,,,,,value_as_number,,
3004518,Cigarettes smoked current (pack per day) - Reported,No matching concept,0,Observation,0,0,1,,,,,,value_as_number,,
4005823,Tobacco user,No matching concept,0,Observation,0,0,1,,,,,,,,
4038739,Exposed to tobacco smoke at home,No matching concept,0,Observation,1,0,0,,,,,,,,
21494887,Tobacco product,No matching concept,0,Observation,0,0,1,,,,,,,,
36303694,Date quit smokeless tobacco,null,null,Observation,0,0,0,,,,,,,,
36303694,Date quit smokeless tobacco,No matching concept,0,Observation,0,0,0,,,,,,,,
36303803,Tobacco use duration,No matching concept,0,Observation,0,0,1,,,,,,,,value_as_number
36305168,Smokeless tobacco status,null,null,Observation,0,0,0,,,,,,,,
36305168,Smokeless tobacco status,Smokeless tobacco non-user,764151,Observation,1,0,0,,,,,,,,
36305168,Smokeless tobacco status,No matching concept,0,Observation,0,0,0,,,,,,,,
36305168,Smokeless tobacco status,Never,45876662,Observation,1,0,0,,,,,,,,
36305168,Smokeless tobacco status,Tobacco consumption unknown,4052031,Observation,0,0,0,,,,,,,,
36305168,Smokeless tobacco status,Former smokeless tobacco user,764567,Observation,0,1,0,,,,,,,,
36305168,Smokeless tobacco status,No known exposure to tobacco smoke,46273081,Observation,0,0,0,,,,,,,,
36305168,Smokeless tobacco status,User of smokeless tobacco,37017610,Observation,0,0,1,,,,,,,,
37017812,Environmental tobacco smoke exposure,Environmental tobacco smoke exposure,37017812,Observation,1,0,0,,,,,,,,
37017812,Environmental tobacco smoke exposure,No matching concept,0,Observation,1,0,0,,,,,,,,
40770349,Smoking tobacco use duration,null,null,Observation,0,0,0,,,,,,,,value_as_number
40770349,Smoking tobacco use duration,No matching concept,0,Observation,0,0,0,,,,,,,,value_as_number
43054909,Tobacco smoking status,null,null,Observation,0,0,0,,,,,,,,
43054909,Tobacco smoking status,Never smoked tobacco,4144272,Observation,1,0,0,,,,,,,,
43054909,Tobacco smoking status,null,266919005,Observation,0,0,0,,,,,,,,
43054909,Tobacco smoking status,null,8517006,Observation,0,0,0,,,,,,,,
43054909,Tobacco smoking status,Ex-smoker,4310250,Observation,0,1,0,,,,,,,,
43054909,Tobacco smoking status,Never smoker,45879404,Observation,1,0,0,,,,,,,,
43054909,Tobacco smoking status,Never,45876662,Observation,1,0,0,,,,,,,,
43054909,Tobacco smoking status,null,449868002,Observation,0,0,0,,,,,,,,
43054909,Tobacco smoking status,No matching concept,0,Observation,0,0,0,,,,,,,,
43054909,Tobacco smoking status,Smokes tobacco daily,42709996,Observation,0,0,1,,,,,,,,
43054909,Tobacco smoking status,Former smoker,45883458,Observation,0,1,0,,,,,,,,
43054909,Tobacco smoking status,Former user,36307819,Observation,0,1,0,,,,,,,,
43054909,Tobacco smoking status,Current every day smoker,45881517,Observation,0,0,1,,,,,,,,
43054909,Tobacco smoking status,Occasional tobacco smoker,37395605,Observation,0,0,1,,,,,,,,
43054909,Tobacco smoking status,Yes,45877994,Observation,0,0,1,,,,,,,,
43054909,Tobacco smoking status,Not asked,45882295,Observation,0,0,0,,,,,,,,
43054909,Tobacco smoking status,Tobacco smoking consumption unknown,4141786,Observation,0,0,0,,,,,,,,
43054909,Tobacco smoking status,Current some day smoker,45884037,Observation,0,0,1,,,,,,,,
43054909,Tobacco smoking status,User of smokeless tobacco,37017610,Observation,0,0,1,,,,,,,,
43054909,Tobacco smoking status,Passive smoker,4184633,Observation,1,0,0,,,,,,,,
43054909,Tobacco smoking status,Light tobacco smoker,762498,Observation,0,0,1,,,,,,light,,
43054909,Tobacco smoking status,Electronic cigarette user,36716478,Observation,0,0,1,,1,,,,,,
43054909,Tobacco smoking status,Light tobacco smoker,45878118,Observation,0,0,1,,,,,,light,,
43054909,Tobacco smoking status,null,266927001,Observation,0,0,0,,,,,,,,
43054909,Tobacco smoking status,Heavy tobacco smoker,45884038,Observation,0,0,1,,,,,,heavy,,
43054909,Tobacco smoking status,Heavy tobacco smoker,762499,Observation,0,0,1,,,,,,heavy,,
43054909,Tobacco smoking status,Unknown if ever smoked,45885135,Observation,0,0,0,,,,,,,,
43054909,Tobacco smoking status,Smoker,4298794,Observation,0,0,1,,,,,,,,
43054909,Tobacco smoking status,null,77176002,Observation,0,0,0,,,,,,,,
43054909,Tobacco smoking status,Unknown,45877986,Observation,0,0,0,,,,,,,,
43054909,Tobacco smoking status,"Smoker, current status unknown",45881518,Observation,0,0,0,,,,,,,,
43054909,Tobacco smoking status,Yes,4188539,Observation,0,0,1,,,,,,,,
43054909,Tobacco smoking status,Negative,45878583,Observation,0,0,0,,,,,,,,
43054909,Tobacco smoking status,Positive,45884084,Observation,0,0,1,,,,,,,,
44786668,Date quit tobacco smoking,null,null,Observation,0,0,0,,,,,,,,
44786668,Date quit tobacco smoking,No matching concept,0,Observation,0,0,0,,,,,,,,
